"spp","branch","age","temp","duration","treatment","EC.control","survival.control","EC.treatment","survival.treatment","survival_final","groupVar","season"
"PIPO",1,"n","65",5,"65_5_n",7.1063702679058,92.8936297320942,11.4776284777173,88.5223715222828,88.9087440397686,"65_n","autumn"
"PIPO",2,"n","65",5,"65_5_n",7.10130406423374,92.8986959357663,13.5609260848104,86.4390739151896,83.6108025101862,"65_n","autumn"
"PIPO",3,"n","65",5,"65_5_n",7.156063920593,92.843936079407,7.30960854092527,92.6903914590747,99.6102005152049,"65_n","autumn"
"PIPO",4,"n","65",10,"65_10_n",6.69191394790077,93.3080860520992,6.98390491850524,93.0160950814948,99.2624179478866,"65_n","autumn"
"PIPO",5,"n","65",10,"65_10_n",6.5345988136986,93.4654011863014,8.8178599048762,91.1821400951238,94.2420896154363,"65_n","autumn"
"PIPO",6,"n","65",10,"65_10_n",9.0204032748111,90.9795967251889,17.9483040210243,82.0516959789757,76.8705372139099,"65_n","autumn"
"PIPO",7,"n","65",30,"65_30_n",5.7629689876204,94.2370310123796,29.3692842236332,70.6307157763668,40.9572187332116,"65_n","autumn"
"PIPO",8,"n","65",30,"65_30_n",5.22818791946309,94.7718120805369,26.5437001738682,73.4562998261318,46.9876826367201,"65_n","autumn"
"PIPO",9,"n","65",30,"65_30_n",6.69236700077101,93.307632999229,27.8317334839074,72.1682665160926,46.6007699300394,"65_n","autumn"
"PIPO",10,"n","65",50,"65_50_n",9.52533442028966,90.4746655797103,38.657521067096,61.342478932904,24.1062002495161,"65_n","autumn"
"PIPO",11,"n","65",50,"65_50_n",7.22893342077902,92.771066579221,36.0271692164538,63.9728307835462,26.8332889250958,"65_n","autumn"
"PIPO",12,"n","65",50,"65_50_n",10.8112957895363,89.1887042104637,50.9188702300389,49.0811297699611,-5.992892434495,"65_n","autumn"
"PIPO",13,"n","65",2,"65_2_n",6.54367102201778,93.4563289779822,8.8691208456229,91.1308791543771,94.1351291191456,"65_n","autumn"
"PIPO",14,"n","65",2,"65_2_n",7.68887027246557,92.3111297275344,9.64479042704701,90.355209572953,95.0058997540915,"65_n","autumn"
"PIPO",15,"n","65",2,"65_2_n",7.9602255214834,92.0397744785166,8.76962995816231,91.2303700418377,97.9272341989278,"65_n","autumn"
"PIPO",16,"n","65",70,"65_70_n",8.10358349700547,91.8964165029945,44.529664701345,55.470335298655,6.57264048593268,"65_n","autumn"
"PIPO",17,"n","65",70,"65_70_n",6.99842564896792,93.0015743510321,45.7219063230543,54.2780936769457,1.86039934245872,"65_n","autumn"
"PIPO",18,"n","65",70,"65_70_n",9.3266648025967,90.6733351974033,45.583859827544,54.416140172456,5.75142080067129,"65_n","autumn"
"PIPO",90,"n","65",90,"65_90_n",10.3956676450627,89.6043323549373,44.0953215496788,55.9046784503212,11.3545125997676,"65_n","autumn"
"PIPO",91,"n","65",90,"65_90_n",8.07878169322979,91.9212183067702,48.8689743838612,51.1310256161388,-4.59241358072283,"65_n","autumn"
"PIPO",92,"n","65",90,"65_90_n",10.1592519297581,89.8407480702419,50.8532409363124,49.1467590636876,-6.76209901904483,"65_n","autumn"
"PIPO",1004,"n","65",0,"65_0_n",0,100,0,100,100,"65_n","autumn"
"PIPO",1,"o","65",5,"65_5_o",6.62654109673197,93.373458903268,8.4292057885232,91.5707942114768,94.7773976152185,"65_o","autumn"
"PIPO",2,"o","65",5,"65_5_o",9.74909767484334,90.2509023251567,11.3312791705095,88.6687208294905,95.2575779026661,"65_o","autumn"
"PIPO",3,"o","65",5,"65_5_o",7.20064724919094,92.7993527508091,8.68512342173773,91.3148765782623,95.6726328768781,"65_o","autumn"
"PIPO",4,"o","65",10,"65_10_o",10.7854788366734,89.2145211633266,8.19657687212524,91.8034231278748,107.8501058632,"65_o","autumn"
"PIPO",5,"o","65",10,"65_10_o",7.53635435110155,92.4636456488984,10.0056497175141,89.9943502824859,92.7756714954462,"65_o","autumn"
"PIPO",6,"o","65",10,"65_10_o",7.44523939774005,92.5547606022599,9.40093111232101,90.599068887679,94.2839358870957,"65_o","autumn"
"PIPO",7,"o","65",30,"65_30_o",5.58936190433555,94.4106380956645,16.609179520964,83.390820479036,68.4245948950548,"65_o","autumn"
"PIPO",8,"o","65",30,"65_30_o",6.20558348160219,93.7944165183978,21.2585291887794,78.7414708112206,56.584983895912,"65_o","autumn"
"PIPO",9,"o","65",30,"65_30_o",6.20106335173233,93.7989366482677,19.5633802816901,80.4366197183099,61.4628751072476,"65_o","autumn"
"PIPO",10,"o","65",50,"65_50_o",7.71665324457527,92.2833467554247,33.6518437246562,66.3481562753438,23.9741012356348,"65_o","autumn"
"PIPO",11,"o","65",50,"65_50_o",9.1484081516863,90.8515918483137,27.1737863176232,72.8262136823768,46.328059062619,"65_o","autumn"
"PIPO",12,"o","65",50,"65_50_o",9.78847819745207,90.2115218025479,41.0796740158652,58.9203259841348,6.16699851412975,"65_o","autumn"
"PIPO",13,"o","65",2,"65_2_o",9.20435545270142,90.7956445472986,9.53785811201427,90.4621418879857,99.006358452361,"65_o","autumn"
"PIPO",14,"o","65",2,"65_2_o",8.15368230718628,91.8463176928137,9.25136707508792,90.7486329249121,96.7669580053757,"65_o","autumn"
"PIPO",15,"o","65",2,"65_2_o",9.92710304663863,90.0728969533614,9.74222214089731,90.2577778591027,100.555256161546,"65_o","autumn"
"PIPO",16,"o","65",70,"65_70_o",8.33913135567128,91.6608686443287,30.1025592426435,69.8974407573565,35.7698717172331,"65_o","autumn"
"PIPO",17,"o","65",70,"65_70_o",7.90390432346427,92.0960956765357,39.7320232051417,60.2679767948583,6.50998924926616,"65_o","autumn"
"PIPO",18,"o","65",70,"65_70_o",8.3866337549662,91.6133662450338,46.9608455667144,53.0391544332856,-13.9026103252795,"65_o","autumn"
"PIPO",90,"o","65",90,"65_90_o",10.6308880559002,89.3691119440998,41.4756663563312,58.5243336436688,6.63380332079689,"65_o","autumn"
"PIPO",91,"o","65",90,"65_90_o",7.81926316758656,92.1807368324134,41.5895594923998,58.4104405076002,0.896235084725495,"65_o","autumn"
"PIPO",92,"o","65",90,"65_90_o",9.52288072966107,90.4771192703389,45.4873046483351,54.5126953516649,-7.5300384055224,"65_o","autumn"
"PIPO",1004,"o","65",0,"65_0_o",0,100,0,100,100,"65_o","autumn"
"PIPO",19,"n","60",5,"60_5_n",8.62963214052033,91.3703678594797,7.65143639606878,92.3485636039312,101.164276453153,"60_n","autumn"
"PIPO",20,"n","60",5,"60_5_n",7.43937269450145,92.5606273054986,6.56994845250572,93.4300515474943,100.937946998573,"60_n","autumn"
"PIPO",21,"n","60",5,"60_5_n",7.86931151571863,92.1306884842814,8.54664509107392,91.4533549089261,98.0511058501324,"60_n","autumn"
"PIPO",22,"n","60",5,"60_5_n",8.78484114543828,91.2151588545617,8.74457155693812,91.2554284430619,99.39468989882,"60_n","autumn"
"PIPO",23,"n","60",10,"60_10_n",7.93865841645147,92.0613415835485,7.97615871870675,92.0238412812932,99.2483524033673,"60_n","autumn"
"PIPO",24,"n","60",10,"60_10_n",8.31709384077973,91.6829061592203,8.17263596993341,91.8273640300666,99.5902179846382,"60_n","autumn"
"PIPO",25,"n","60",10,"60_10_n",8.34080717488789,91.6591928251121,7.36103287683922,92.6389671231608,101.161429611995,"60_n","autumn"
"PIPO",26,"n","60",20,"60_20_n",8.06981446568418,91.9301855343158,13.0431169185944,86.9568830814056,89.9919000031522,"60_n","autumn"
"PIPO",27,"n","60",20,"60_20_n",9.40114809874435,90.5988519012557,9.64575606020209,90.3542439397979,98.8531121614261,"60_n","autumn"
"PIPO",28,"n","60",20,"60_20_n",11.1560845532853,88.8439154467147,13.0906434443218,86.9093565556782,95.564576110028,"60_n","autumn"
"PIPO",29,"n","60",65,"60_65_n",6.67029796460761,93.3297020353924,34.4306566930105,65.5693433069895,48.0388802635228,"60_n","autumn"
"PIPO",30,"n","60",65,"60_65_n",7.49790508129695,92.5020949187031,40.4430295414214,59.5569704585786,37.9169555857387,"60_n","autumn"
"PIPO",31,"n","60",65,"60_65_n",9.59646049986289,90.4035395001371,57.3455324510148,42.6544675489852,8.26023061697894,"60_n","autumn"
"PIPO",32,"n","60",110,"60_110_n",6.77970408322196,93.220295916778,49.2942148858773,50.7057851141227,20.6924349707887,"60_n","autumn"
"PIPO",33,"n","60",110,"60_110_n",8.21325644330781,91.7867435566922,59.0137784785778,40.9862215214222,3.90098067085828,"60_n","autumn"
"PIPO",84,"n","60",200,"60_200_n",9.57161171057925,90.4283882894208,58.5875381136039,41.4124618863961,5.8700019240799,"60_n","autumn"
"PIPO",85,"n","60",200,"60_200_n",9.28345835864464,90.7165416413554,65.9112565986511,34.0887434013489,-8.29905960454877,"60_n","autumn"
"PIPO",86,"n","60",200,"60_200_n",8.0271866859653,91.9728133140347,59.7159347570878,40.2840652429122,2.42905768046888,"60_n","autumn"
"PIPO",87,"n","60",155,"60_155_n",9.72807059160881,90.2719294083912,56.716108763566,43.283891236434,9.58089512732666,"60_n","autumn"
"PIPO",89,"n","60",155,"60_155_n",8.00669305182732,91.9933069481727,60.3898862378338,39.6101137621662,1.14920862030067,"60_n","autumn"
"PIPO",96,"n","60",155,"60_155_n",10.0656869830248,89.9343130169752,58.0544908318657,41.9455091681343,7.32558119935838,"60_n","autumn"
"PIPO",97,"n","60",110,"60_110_n",9.8014888337469,90.1985111662531,63.7296037296037,36.2703962703963,-3.75708428728432,"60_n","autumn"
"PIPO",1003,"n","60",0,"60_0_n",0,100,0,100,99.3185783713048,"60_n","autumn"
"PIPO",19,"o","60",5,"60_5_o",9.90881902554167,90.0911809744583,8.89590845073452,91.1040915492655,102.085761391547,"60_o","autumn"
"PIPO",21,"o","60",5,"60_5_o",9.92278391939935,90.0772160806006,10.542813475515,89.457186524485,97.3544199538423,"60_o","autumn"
"PIPO",22,"o","60",5,"60_5_o",9.07680089993735,90.9231991000626,9.57356941297823,90.4264305870218,97.7249890084984,"60_o","autumn"
"PIPO",23,"o","60",10,"60_10_o",9.17464996315402,90.825350036846,10.2939994451713,89.7060005548287,95.9342500930021,"60_o","autumn"
"PIPO",24,"o","60",10,"60_10_o",10.7473982970672,89.2526017029328,8.89652734811603,91.103472651884,104.563939457826,"60_o","autumn"
"PIPO",25,"o","60",10,"60_10_o",7.77908035466011,92.2209196453399,7.65516630563013,92.3448336943699,99.5018104491722,"60_o","autumn"
"PIPO",26,"o","60",20,"60_20_o",9.52979982467303,90.470200175327,9.83038887615955,90.1696111238405,98.2838512895155,"60_o","autumn"
"PIPO",27,"o","60",20,"60_20_o",9.9591470066092,90.0408529933908,9.92301643377417,90.0769835662258,99.2558278041855,"60_o","autumn"
"PIPO",28,"o","60",20,"60_20_o",7.49087822668808,92.5091217733119,10.3009670375805,89.6990329624195,91.2223118868533,"60_o","autumn"
"PIPO",29,"o","60",65,"60_65_o",8.88815400874763,91.1118459912524,39.2596916408,60.7403083592,12.1423899486587,"60_o","autumn"
"PIPO",30,"o","60",65,"60_65_o",7.69751965830861,92.3024803416914,28.970447048471,71.029552951529,38.9943027817061,"60_o","autumn"
"PIPO",31,"o","60",65,"60_65_o",10.7684581224824,89.2315418775176,42.3134225442322,57.6865774557678,6.87644339165218,"60_o","autumn"
"PIPO",32,"o","60",110,"60_110_o",7.58976071440039,92.4102392855996,43.2069215718376,56.7930784281624,-1.45168232471297,"60_o","autumn"
"PIPO",33,"o","60",110,"60_110_o",9.35349880653132,90.6465011934687,37.6843526812794,62.3156473187206,17.5719045041969,"60_o","autumn"
"PIPO",84,"o","60",200,"60_200_o",9.17372943763629,90.8262705623637,42.7156565112354,57.2843434887646,2.75769544459512,"60_o","autumn"
"PIPO",85,"o","60",200,"60_200_o",9.10589789646642,90.8941021035336,40.4588135239013,59.5411864760987,9.1157567988048,"60_o","autumn"
"PIPO",86,"o","60",200,"60_200_o",10.033854970807,89.966145029193,48.3011141068954,51.6988858931046,-11.8734522433999,"60_o","autumn"
"PIPO",87,"o","60",155,"60_155_o",9.56470007319334,90.4352999268067,42.3672984882376,57.6327015117624,4.47484824167049,"60_o","autumn"
"PIPO",89,"o","60",155,"60_155_o",9.28350738424064,90.7164926157594,39.1094151613432,60.8905848386568,13.3331340020329,"60_o","autumn"
"PIPO",96,"o","60",155,"60_155_o",11.2030116955727,88.7969883044273,42.5999121651296,57.4000878348704,6.8601039294595,"60_o","autumn"
"PIPO",97,"o","60",110,"60_110_o",9.78306655433867,90.2169334456613,47.9555555555556,52.0444444444444,-11.2906304347838,"60_o","autumn"
"PIPO",1003,"o","60",0,"60_0_o",0,100,0,100,99.1510893910192,"60_o","autumn"
"PIPO",35,"n","55",25,"55_25_n",7.03507084984922,92.9649291501508,7.65376661374992,92.3462333862501,98.9664270290356,"55_n","autumn"
"PIPO",36,"n","55",25,"55_25_n",8.045036181829,91.954963818171,9.33871653790391,90.6612834620961,97.8150829712055,"55_n","autumn"
"PIPO",37,"n","55",25,"55_25_n",7.48735620266089,92.5126437973391,8.60715998001758,91.3928400199824,98.1201466114742,"55_n","autumn"
"PIPO",38,"n","55",50,"55_50_n",8.29101987721897,91.708980122781,8.26511073353024,91.7348892664698,100.043875728403,"55_n","autumn"
"PIPO",39,"n","55",50,"55_50_n",7.83933641864906,92.1606635813509,7.73691550217719,92.2630844978228,100.172594204356,"55_n","autumn"
"PIPO",40,"n","55",50,"55_50_n",6.86826681447899,93.131733185521,8.10110314828492,91.8988968517151,97.9441525587549,"55_n","autumn"
"PIPO",41,"n","55",500,"55_500_n",7.70721270636244,92.2927872936376,62.262253331924,37.737746668076,8.19839692446749,"55_n","autumn"
"PIPO",42,"n","55",500,"55_500_n",8.05960990020267,91.9403900997973,66.0904677474856,33.9095322525144,1.97523897773548,"55_n","autumn"
"PIPO",43,"n","55",500,"55_500_n",8.4745231117108,91.5254768882892,64.4585332610894,35.5414667389106,5.00403755331643,"55_n","autumn"
"PIPO",44,"n","55",380,"55_380_n",9.5985401459854,90.4014598540146,48.6354534162023,51.3645465837977,32.9369702852026,"55_n","autumn"
"PIPO",45,"n","55",380,"55_380_n",6.87088738535429,93.1291126146457,56.1163561084649,43.8836438915351,17.8771610406808,"55_n","autumn"
"PIPO",46,"n","55",380,"55_380_n",8.14871567029564,91.8512843297044,33.3743775239335,66.6256224760666,57.3478939687435,"55_n","autumn"
"PIPO",47,"n","55",160,"55_160_n",7.67646150230969,92.3235384976903,27.8184380269753,72.1815619730247,66.1177074663563,"55_n","autumn"
"PIPO",48,"n","55",160,"55_160_n",8.47299813780261,91.5270018621974,15.2478209139952,84.7521790860048,88.5043946420773,"55_n","autumn"
"PIPO",49,"n","55",160,"55_160_n",8.38293146402173,91.6170685359783,18.3678033766138,81.6321966233862,83.0741982329771,"55_n","autumn"
"PIPO",99,"n","55",620,"55_620_n",7.7287548555465,92.2712451444535,67.661311498304,32.338688501696,-0.874075390213593,"55_n","autumn"
"PIPO",100,"n","55",620,"55_620_n",8.2171794745311,91.7828205254689,60.4749813556764,39.5250186443236,11.5754451550046,"55_n","autumn"
"PIPO",101,"n","55",620,"55_620_n",9.16783542589238,90.8321645741076,73.9133243417189,26.0866756582811,-10.701369764791,"55_n","autumn"
"PIPO",1002,"n","55",0,"55_0_n",0,100,0,100,100,"55_n","autumn"
"PIPO",35,"o","55",25,"55_25_o",8.00892142506553,91.9910785749345,8.33051036416206,91.6694896358379,99.4657201835945,"55_o","autumn"
"PIPO",36,"o","55",25,"55_25_o",7.53616370647668,92.4638362935233,12.9114303811916,87.0885696188084,91.1153262916418,"55_o","autumn"
"PIPO",37,"o","55",25,"55_25_o",8.86228416312903,91.137715836871,9.38370309701368,90.6162969029863,99.125616339236,"55_o","autumn"
"PIPO",38,"o","55",50,"55_50_o",7.98548807427251,92.0145119257275,8.2030878424641,91.7969121575359,99.6385772570864,"55_o","autumn"
"PIPO",39,"o","55",50,"55_50_o",7.60676756866798,92.393232431332,8.07912975020084,91.9208702497992,99.2186451104452,"55_o","autumn"
"PIPO",40,"o","55",50,"55_50_o",8.71422166488329,91.2857783351167,8.26149173945229,91.7385082605477,100.757965529556,"55_o","autumn"
"PIPO",41,"o","55",500,"55_500_o",7.83471785577766,92.1652821442223,65.900962997319,34.099037002681,3.71253293670187,"55_o","autumn"
"PIPO",42,"o","55",500,"55_500_o",8.84859835280715,91.1514016471928,65.473606449037,34.526393550963,5.05801623249403,"55_o","autumn"
"PIPO",43,"o","55",500,"55_500_o",7.75829648046269,92.2417035195373,68.7038544302774,31.2961455697226,-0.978314752446886,"55_o","autumn"
"PIPO",44,"o","55",380,"55_380_o",9.17484805984105,90.8251519401589,31.1337743161252,68.8662256838748,63.0496681475735,"55_o","autumn"
"PIPO",45,"o","55",380,"55_380_o",5.65643273760876,94.3435672623912,29.1400040569773,70.8599959430227,61.9578348656543,"55_o","autumn"
"PIPO",46,"o","55",380,"55_380_o",8.27362413507626,91.7263758649237,43.6411020104244,56.3588979895756,41.0717923655267,"55_o","autumn"
"PIPO",47,"o","55",160,"55_160_o",8.51846952160951,91.4815304783905,12.4282283499146,87.5717716500854,93.4682444457767,"55_o","autumn"
"PIPO",48,"o","55",160,"55_160_o",9.17754569190601,90.822454308094,12.1745507884122,87.8254492115878,94.9567833679628,"55_o","autumn"
"PIPO",49,"o","55",160,"55_160_o",7.17296252975128,92.8270374702487,11.6183814498153,88.3816185501847,92.6810028310638,"55_o","autumn"
"PIPO",99,"o","55",620,"55_620_o",8.54466884389281,91.4553311561072,76.8141448796695,23.1858551203305,-14.0856231777455,"55_o","autumn"
"PIPO",100,"o","55",620,"55_620_o",8.49828040731735,91.5017195926826,57.2387005649718,42.7612994350282,18.5908184146213,"55_o","autumn"
"PIPO",101,"o","55",620,"55_620_o",8.51180198973099,91.488198010269,71.0707703918469,28.9292296081531,-4.50519523687584,"55_o","autumn"
"PIPO",1002,"o","55",0,"55_0_o",0,100,0,100,100,"55_o","autumn"
"PIPO",50,"n","50",1375,"50_1375_n",8.21863957570268,91.7813604242973,60.1877859576212,39.8122140423788,-7.23257205212666,"50_n","autumn"
"PIPO",51,"n","50",1375,"50_1375_n",7.3941550227653,92.6058449772347,48.3783991330309,51.6216008669691,16.1864644442965,"50_n","autumn"
"PIPO",52,"n","50",1375,"50_1375_n",7.30707285234718,92.6929271476528,40.4410535262158,59.5589464737842,32.3040561195392,"50_n","autumn"
"PIPO",53,"n","50",500,"50_500_n",7.8928790330693,92.1071209669307,10.6832373607627,89.3167626392373,94.2627681580553,"50_n","autumn"
"PIPO",54,"n","50",500,"50_500_n",8.47162498602535,91.5283750139747,14.0171803858677,85.9828196141323,88.5257336585407,"50_n","autumn"
"PIPO",55,"n","50",500,"50_500_n",9.61510997773025,90.3848900222698,11.8719953204128,88.1280046795872,95.2712180086501,"50_n","autumn"
"PIPO",56,"n","50",250,"50_250_n",6.83818046234154,93.1618195376585,10.7091172214182,89.2908827785818,92.1311051073887,"50_n","autumn"
"PIPO",57,"n","50",250,"50_250_n",8.24139625909049,91.7586037409095,8.57877595923097,91.421224040769,99.3036817437392,"50_n","autumn"
"PIPO",58,"n","50",250,"50_250_n",8.16082802547771,91.8391719745223,9.76610885443698,90.233891145563,96.6897660385187,"50_n","autumn"
"PIPO",59,"n","50",3125,"50_3125_n",7.02354089354925,92.9764591064507,43.7698754172725,56.2301245827275,25.152611482497,"50_n","autumn"
"PIPO",60,"n","50",3125,"50_3125_n",7.09026421059614,92.9097357894039,52.4011713030747,47.5988286969253,7.64143813857448,"50_n","autumn"
"PIPO",61,"n","50",3125,"50_3125_n",8.57795776507816,91.4220422349218,56.7078531782212,43.2921468217788,0.298973508868768,"50_n","autumn"
"PIPO",62,"n","50",2250,"50_2250_n",7.25143355998821,92.7485664400118,42.6908541194255,57.3091458805745,27.6372543143748,"50_n","autumn"
"PIPO",63,"n","50",2250,"50_2250_n",6.27756487504818,93.7224351249518,54.9776878962569,45.0223121037431,1.59387638252953,"50_n","autumn"
"PIPO",64,"n","50",2250,"50_2250_n",6.81532419868805,93.184675801312,70.4034481973966,29.5965518026034,-29.2311306969044,"50_n","autumn"
"PIPO",1001,"n","50",0,"50_0_n",0,100,0,100,100,"50_n","autumn"
"PIPO",50,"o","50",1375,"50_1375_o",9.01203160526729,90.9879683947327,50.6266748521454,49.3733251478546,31.3002887643926,"50_o","autumn"
"PIPO",51,"o","50",1375,"50_1375_o",8.68381304578701,91.316186954213,57.7458645485527,42.2541354514473,19.2968215927353,"50_o","autumn"
"PIPO",52,"o","50",1375,"50_1375_o",8.16776030842172,91.8322396915783,44.8959721938988,55.1040278061012,39.9245112690649,"50_o","autumn"
"PIPO",53,"o","50",500,"50_500_o",7.81301786070217,92.1869821392978,9.16553113042286,90.8344688695771,97.796238251782,"50_o","autumn"
"PIPO",54,"o","50",500,"50_500_o",9.58110436806427,90.4188956319357,11.5462192556829,88.4537807443171,96.7354640813382,"50_o","autumn"
"PIPO",55,"o","50",500,"50_500_o",9.95675006507242,90.0432499349276,10.1991550910438,89.8008449089563,99.5956260574283,"50_o","autumn"
"PIPO",56,"o","50",250,"50_250_o",8.49162011173184,91.5083798882682,9.80487804878049,90.1951219512195,97.8443320159562,"50_o","autumn"
"PIPO",57,"o","50",250,"50_250_o",9.46717411988582,90.5328258801142,10.600484750236,89.399515249764,98.1196634426397,"50_o","autumn"
"PIPO",58,"o","50",250,"50_250_o",8.21112833063276,91.7888716693672,9.38760477847391,90.6123952215261,98.0747554178189,"50_o","autumn"
"PIPO",59,"o","50",3125,"50_3125_o",8.34106537734104,91.658934622659,60.0006263471275,39.9993736528725,15.3418819671988,"50_o","autumn"
"PIPO",60,"o","50",3125,"50_3125_o",8.76686341048482,91.2331365895152,62.4596390468284,37.5403609531716,11.5992493169425,"50_o","autumn"
"PIPO",61,"o","50",3125,"50_3125_o",9.25702509591116,90.7429749040888,75.2742407648495,24.7257592351505,-9.27904586581054,"50_o","autumn"
"PIPO",62,"o","50",2250,"50_2250_o",7.29885471130063,92.7011452886994,67.354609929078,32.645390070922,2.68893249593641,"50_o","autumn"
"PIPO",63,"o","50",2250,"50_2250_o",6.61687170474517,93.3831282952548,56.9310147639842,43.0689852360158,19.0691008331162,"50_o","autumn"
"PIPO",64,"o","50",2250,"50_2250_o",8.63041920722348,91.3695807927765,82.6943151338655,17.3056848661345,-21.7580333290526,"50_o","autumn"
"PIPO",1001,"o","50",0,"50_0_o",0,100,0,100,100,"50_o","autumn"
"PIPO",65,"o","45",10200,"45_10200_o",11.1617636462027,88.8382363537973,65.1348077738514,34.8651922261486,-9.4991030098548,"45_o","autumn"
"PIPO",66,"o","45",10200,"45_10200_o",10.9419180628892,89.0580819371108,44.7496100829794,55.2503899170206,31.5811512246781,"45_o","autumn"
"PIPO",67,"o","45",10200,"45_10200_o",12.1655647253498,87.8344352746502,67.3666380834418,32.6333619165582,-13.270361222182,"45_o","autumn"
"PIPO",68,"o","45",6000,"45_6000_o",11.1641825347546,88.8358174652454,61.8154570620609,38.1845429379391,-2.76278158263274,"45_o","autumn"
"PIPO",69,"o","45",6000,"45_6000_o",10.2941436100256,89.7058563899744,52.2206304198793,47.7793695801207,15.7633179318955,"45_o","autumn"
"PIPO",70,"o","45",6000,"45_6000_o",11.1163611982608,88.8836388017392,61.2104510594608,38.7895489405392,-1.5776686766762,"45_o","autumn"
"PIPO",72,"o","45",4750,"45_4750_o",8.40792643946499,91.592073560535,51.73659003962,48.26340996038,14.7388905786176,"45_o","autumn"
"PIPO",73,"o","45",4750,"45_4750_o",9.30093464713486,90.6990653528651,46.1492866661571,53.8507133338429,26.7767781261828,"45_o","autumn"
"PIPO",74,"o","45",4750,"45_4750_o",8.50223205459344,91.4977679454066,32.1673309517028,67.8326690482972,53.384386914797,"45_o","autumn"
"PIPO",75,"o","45",3500,"45_3500_o",8.84277226422584,91.1572277357742,28.4192071305893,71.5807928694107,61.2941979517941,"45_o","autumn"
"PIPO",76,"o","45",3500,"45_3500_o",9.68800961802318,90.3119903819768,22.3504557557348,77.6495442442652,74.7299690611049,"45_o","autumn"
"PIPO",77,"o","45",3500,"45_3500_o",9.79737871161092,90.2026212883891,25.4536819502337,74.5463180497663,68.7173423103616,"45_o","autumn"
"PIPO",78,"o","45",2250,"45_2250_o",10.8476116861417,89.1523883138583,18.0671660080995,81.9328339919005,85.4047686680019,"45_o","autumn"
"PIPO",79,"o","45",2250,"45_2250_o",9.49392404411189,90.5060759558881,12.4576383555156,87.5423616444844,94.0980954975507,"45_o","autumn"
"PIPO",80,"o","45",2250,"45_2250_o",7.88267288133175,92.1173271186683,17.2059181598132,82.7940818401868,81.7585499484366,"45_o","autumn"
"PIPO",81,"o","45",1000,"45_1000_o",10.3960008073371,89.6039991926629,9.78590299724832,90.2140970027517,101.227172597654,"45_o","autumn"
"PIPO",82,"o","45",1000,"45_1000_o",9.22744407840858,90.7725559215914,9.38836901436297,90.611630985637,99.680476829311,"45_o","autumn"
"PIPO",83,"o","45",1000,"45_1000_o",8.60377636127617,91.3962236387238,9.50162419236572,90.4983758076343,98.2294505424606,"45_o","autumn"
"PIPO",104,"o","45",8200,"45_8200_o",7.89882739388938,92.1011726061106,49.24499031037,50.75500968963,19.0897341010392,"45_o","autumn"
"PIPO",105,"o","45",8200,"45_8200_o",8.50560152204222,91.4943984779578,68.9610232980325,31.0389767019675,-19.0897341010392,"45_o","autumn"
"PIPO",1000,"o","45",0,"45_0_o",0,100,0,100,100,"45_o","autumn"
"PIPO",66,"n","45",10200,"45_10200_n",10.2189246211594,89.7810753788406,49.807750731334,50.192249268666,8.41834077142296,"45_n","autumn"
"PIPO",67,"n","45",10200,"45_10200_n",11.37105686782,88.62894313218,56.9941757427022,43.0058242572978,-6.87358435056894,"45_n","autumn"
"PIPO",68,"n","45",6000,"45_6000_n",10.1592777101238,89.8407222898762,43.5379078106616,56.4620921893384,22.7988148591565,"45_n","autumn"
"PIPO",69,"n","45",6000,"45_6000_n",8.99835160022613,91.0016483997739,55.1248843663275,44.8751156336725,-5.23916137952408,"45_n","autumn"
"PIPO",70,"n","45",6000,"45_6000_n",10.0258895519289,89.9741104480711,54.4150700434852,45.5849299565148,-2.43820245429718,"45_n","autumn"
"PIPO",71,"n","45",10200,"45_10200_n",8.43257161248793,91.5674283875121,47.3122418397496,52.6877581602504,11.8047672928723,"45_n","autumn"
"PIPO",72,"n","45",4750,"45_4750_n",8.56245818689623,91.4375418131038,58.1534059439358,41.8465940560642,-12.5875345952313,"45_n","autumn"
"PIPO",73,"n","45",4750,"45_4750_n",8.78714284974594,91.2128571502541,41.8584807368538,58.1415192631462,24.6545495073759,"45_n","autumn"
"PIPO",74,"n","45",4750,"45_4750_n",8.21910353888383,91.7808964611162,42.6498667671797,57.3501332328203,22.0510378379821,"45_n","autumn"
"PIPO",75,"n","45",3500,"45_3500_n",8.30186601272666,91.6981339872733,40.0727241823817,59.9272758176183,27.9900231123118,"45_n","autumn"
"PIPO",76,"n","45",3500,"45_3500_n",8.19077450152994,91.8092254984701,30.2307111794018,69.7692888205982,50.0338905124988,"45_n","autumn"
"PIPO",77,"n","45",3500,"45_3500_n",6.8959066835015,93.1040933164985,28.0414187894513,71.9585812105487,52.7156668803216,"45_n","autumn"
"PIPO",78,"n","45",2250,"45_2250_n",10.8686144962828,89.1313855037172,21.6893411636326,78.3106588363674,74.6155577052779,"45_n","autumn"
"PIPO",79,"n","45",2250,"45_2250_n",9.24164585638008,90.7583541436199,17.7296919556652,82.2703080443349,80.3908446179926,"45_n","autumn"
"PIPO",80,"n","45",2250,"45_2250_n",6.19728684008429,93.8027131599157,33.5355331830067,66.4644668169933,39.3896502119746,"45_n","autumn"
"PIPO",81,"n","45",1000,"45_1000_n",8.3046402974079,91.6953597025921,8.21536330278043,91.7846366972196,99.9668767394482,"45_n","autumn"
"PIPO",82,"n","45",1000,"45_1000_n",11.3806296497262,88.6193703502738,10.5719345996038,89.4280654003962,101.655615802431,"45_n","autumn"
"PIPO",83,"n","45",1000,"45_1000_n",7.05644497975514,92.9435550202449,7.6790329288469,92.3209670711531,98.3775074581209,"45_n","autumn"
"PIPO",104,"n","45",8200,"45_8200_n",9.27513892646599,90.724861073534,49.6592550245712,50.3407449754288,7.5526424641176,"45_n","autumn"
"PIPO",105,"n","45",8200,"45_8200_n",8.362607427716,91.637392572284,55.8347542078364,44.1652457921636,-7.55264246411762,"45_n","autumn"
"PIPO",1000,"n","45",0,"45_0_n",0,100,0,100,99.765180449886,"45_n","autumn"
