"uniqueID","date","spp","age","temp","dur1","dur2","ID","branch","spc1","EC1","temp1","spc2","EC2","temp2","percentEC"
1,"9/13/2023","PSME","n",25,2,"0:02",1,1,7.637045,8.02,22.5,63.901354,68.2,21.7,11.9513038800399
2,"9/13/2023","PSME","o",25,2,"0:02",2,1,4.3898725,4.61,22.5,27.8086844,29.74,21.6,15.7859769159019
3,"9/13/2023","PSME","n",65,2,"0:02",3,1,13.5314725,14.21,22.5,44.6185114,47.62,21.7,30.3270370871225
4,"9/13/2023","PSME","o",65,2,"0:02",4,1,8.41789,8.84,22.5,37.9260336,40.56,21.6,22.1955453838969
5,"9/13/2023","PSME","n",25,2,"0:02",5,2,3.8868906,4.09,22.4,50.9514194,54.49,21.6,7.62862084270021
6,"9/13/2023","PSME","o",25,2,"0:02",6,2,4.742205,4.98,22.5,80.7716936,53.56,51.6,5.87112240518874
7,"9/13/2023","PSME","n",65,2,"0:02",7,2,11.331775,11.9,22.5,62.968962,67.48,21.5,17.9958103803585
8,"9/13/2023","PSME","o",65,2,"0:02",8,2,13.4154896,14.06,22.6,66.6604274,71.29,21.6,20.1251178896582
9,"9/13/2023","PSME","n",25,2,"0:02",9,3,8.208395,8.62,22.5,75.6322184,80.72,21.7,10.8530401112762
10,"9/13/2023","PSME","o",25,2,"0:02",10,3,4.704183,4.95,22.4,41.6475724,44.54,21.6,11.2952153725051
11,"9/13/2023","PSME","n",65,2,"0:02",11,3,22.682595,23.82,22.5,64.3323602,68.66,21.7,35.2584530234599
12,"9/13/2023","PSME","o",65,2,"0:02",12,3,11.4785448,12.03,22.6,47.6168154,50.82,21.7,24.1060740907927
13,"9/13/2023","PSME","n",25,5,"0:05",13,4,7.8909376,8.32,22.3,98.019072,104.4,21.8,8.05041043441015
14,"9/13/2023","PSME","o",25,5,"0:05",14,4,6.17721,6.5,22.4,50.4464648,53.84,21.7,12.2450800556395
15,"9/13/2023","PSME","n",65,5,"0:05",15,4,47.5265034,50.01,22.4,104.94064,112,21.7,45.288939918796
16,"9/13/2023","PSME","o",65,5,"0:05",16,4,42.337647,44.55,22.4,80.5419412,85.96,21.7,52.5659629867476
17,"9/13/2023","PSME","n",25,5,"0:05",17,5,7.1704425,7.53,22.5,69.0257623,73.37,21.9,10.3880670941898
18,"9/13/2023","PSME","o",25,5,"0:05",18,5,6.3165392,6.62,22.6,56.0428603,59.57,21.9,11.2709079554243
19,"9/13/2023","PSME","n",65,5,"0:05",19,5,33.8440552,35.47,22.6,79.997522,84.86,22,42.3063794401032
20,"9/13/2023","PSME","o",65,5,"0:05",26,5,26.47255,27.8,22.5,58.6958881,62.39,21.9,45.1012001980425
21,"9/13/2023","PSME","n",25,5,"0:05",27,6,8.4295158,8.87,22.4,87.1641935,92.65,21.9,9.67084700898425
22,"9/13/2023","PSME","o",25,5,"0:05",28,6,7.179965,7.54,22.5,70.457398,74.74,22,10.1905054739603
23,"9/13/2023","PSME","n",65,5,"0:05",30,6,47.898175,50.3,22.5,104.45116,110.8,22,45.8570062792984
24,"9/13/2023","PSME","o",65,5,"0:05",31,6,37.9660264,39.79,22.6,86.8191051,91.91,22.1,43.7300365585086
25,"9/13/2023","PSME","n",25,10,"0:10",32,7,6.5346827,6.89,22.3,88.887801,94.1,22.1,7.35160801199256
26,"9/13/2023","PSME","o",25,10,"0:10",33,7,6.8804616,7.24,22.4,68.7865002,72.82,22.1,10.0026336272302
27,"9/13/2023","PSME","n",65,10,"0:10",34,7,55.2270789,58.23,22.3,107.37353,113.9,22,51.4345378232419
28,"9/13/2023","PSME","o",65,10,"0:10",35,7,41.292273,43.45,22.4,71.107861,75.43,22,58.0699129734756
29,"9/13/2023","PSME","n",25,10,"0:10",36,8,9.655815,10.14,22.5,103.64394,109.5,22.2,9.31633340067929
30,"9/13/2023","PSME","o",25,10,"0:10",37,8,6.05631,6.36,22.5,55.00894,58,22.3,11.0096831533202
31,"9/13/2023","PSME","n",65,10,"0:10",39,8,62.6787704,65.69,22.6,120.260924,126.8,22.3,52.1189828875753
32,"9/13/2023","PSME","o",65,10,"0:10",40,8,36.6521025,38.49,22.5,59.6941842,62.94,22.3,61.3997879210484
33,"9/13/2023","PSME","n",25,10,"0:10",41,9,5.3040325,5.57,22.5,76.52281,80.36,22.5,6.93130910900946
34,"9/13/2023","PSME","o",25,10,"0:10",42,9,6.97047,7.32,22.5,80.0756484,84.26,22.4,8.70485614450548
35,"9/13/2023","PSME","n",65,10,"0:10",43,9,37.1836152,38.97,22.6,76.3228375,80.15,22.5,48.7188584936979
36,"9/13/2023","PSME","o",65,10,"0:10",44,9,43.6637169,45.67,22.7,80.0937475,84.11,22.5,54.5157621698248
37,"9/13/2023","PSME","n",25,30,"0:30",45,10,7.4764674,7.82,22.7,77.000712,80.7,22.6,9.70960813972733
38,"9/13/2023","PSME","o",25,30,"0:30",46,10,5.5738881,5.83,22.7,53.24982,55.92,22.5,10.4674308758227
39,"9/13/2023","PSME","n",65,30,"0:30",47,10,39.6099801,41.43,22.7,72.4970768,75.98,22.6,54.6366582604059
40,"9/13/2023","PSME","o",65,30,"0:30",48,10,29.4182739,30.77,22.7,59.6584625,62.65,22.5,49.3111499479223
41,"9/13/2023","PSME","n",25,30,"0:30",49,11,5.5165239,5.77,22.7,57.4492425,60.33,22.5,9.60243105033108
42,"9/13/2023","PSME","o",25,30,"0:30",50,11,7.8841754,8.23,22.8,61.8676825,64.97,22.5,12.7436087492044
43,"9/13/2023","PSME","n",65,30,"0:30",51,11,31.1583213,32.59,22.7,53.6561964,56.46,22.4,58.0703131987194
44,"9/13/2023","PSME","o",65,30,"0:30",52,11,23.9589576,25.11,22.6,42.1760892,44.38,22.4,56.8069682477815
45,"9/13/2023","PSME","n",25,30,"0:30",53,12,6.3069976,6.61,22.6,81.1571551,85.57,22.3,7.77133894384132
46,"9/13/2023","PSME","o",25,30,"0:30",54,12,5.75159,6.04,22.5,57.7024812,60.84,22.3,9.96766496065337
47,"9/13/2023","PSME","n",65,30,"0:30",55,12,47.326336,49.6,22.6,83.672368,88.4,22.2,56.5614875391121
48,"9/13/2023","PSME","o",65,30,"0:30",56,12,40.7955069,42.67,22.7,76.0812776,80.38,22.2,53.6209540466497
109,"9/18/2023","PSME","n",25,50,"0:50",32,13,7.6846575,8.07,22.5,105.01429,113,21.3,7.31772552097434
110,"9/18/2023","PSME","o",25,50,"0:50",33,13,5.2659425,5.53,22.5,56.5448928,60.72,21.4,9.31285256588195
111,"9/18/2023","PSME","n",65,50,"0:50",34,13,55.436696,58.1,22.6,106.845675,114.5,21.5,51.8848292174672
112,"9/18/2023","PSME","o",65,50,"0:50",35,13,32.5750224,34.14,22.6,61.1716252,65.42,21.6,53.2518505001237
113,"9/18/2023","PSME","n",25,50,"0:50",36,14,5.922995,6.22,22.5,88.8961542,95.07,21.6,6.66282479068144
114,"9/18/2023","PSME","o",25,50,"0:50",37,14,5.046925,5.3,22.5,49.8093252,53.16,21.7,10.1324902108893
115,"9/18/2023","PSME","n",65,50,"0:50",39,14,57.1160176,59.86,22.6,105.100744,112.4,21.6,54.3440659183155
116,"9/18/2023","PSME","o",65,50,"0:50",40,14,49.8303684,52.12,22.7,77.6660836,83.06,21.6,64.1597542843013
117,"9/18/2023","PSME","n",25,50,"0:50",41,15,3.864348,4.05,22.6,50.3155786,53.81,21.6,7.68022172759035
118,"9/18/2023","PSME","o",25,50,"0:50",42,15,4.1601376,4.36,22.6,41.3016376,44.08,21.7,10.0725730061609
119,"9/18/2023","PSME","n",65,50,"0:50",43,15,28.0224117,29.31,22.7,52.1389456,55.76,21.6,53.7456432567367
120,"9/18/2023","PSME","o",65,50,"0:50",44,15,27.6760422,28.89,22.8,49.698439,53.15,21.6,55.6879506819118
133,"9/19/2023","PSME","n",25,5,"0:05",58,16,5.4551671,5.87,21.3,76.1337792,81.09,21.8,7.16523881688511
134,"9/19/2023","PSME","o",25,5,"0:05",60,16,4.4330676,4.78,21.2,59.081612,62.8,21.9,7.50329493379429
135,"9/19/2023","PSME","n",60,5,"0:05",61,16,12.0441168,12.96,21.3,89.773321,95.23,22,13.4161426421999
136,"9/19/2023","PSME","o",60,5,"0:05",62,16,9.7500828,10.47,21.4,70.3828911,74.51,22.1,13.8529160249287
137,"9/19/2023","PSME","n",25,5,"0:05",63,17,6.2427735,6.69,21.5,61.8436167,65.47,22.1,10.0944508635117
138,"9/19/2023","PSME","o",25,5,"0:05",64,17,5.318955,5.7,21.5,53.583068,56.84,22,9.92655926308662
139,"9/19/2023","PSME","n",60,5,"0:05",65,17,10.5509492,11.33,21.4,66.5194362,70.42,22.1,15.861453137211
140,"9/19/2023","PSME","o",60,5,"0:05",66,17,7.0215496,7.54,21.4,58.0368384,61.44,22.1,12.0984357411171
141,"9/19/2023","PSME","n",25,5,"0:05",67,18,8.3904724,9.01,21.4,88.0575552,93.79,21.8,9.52839580992591
142,"9/19/2023","PSME","o",25,5,"0:05",68,18,5.1416565,5.51,21.5,54.659899,58.1,21.9,9.40663373710222
143,"9/19/2023","PSME","n",60,5,"0:05",69,18,14.0071988,14.98,21.6,94.169664,100.3,21.8,14.8744279261738
144,"9/19/2023","PSME","o",60,5,"0:05",70,18,5.62182,6,21.7,53.3239772,56.68,21.9,10.5427619903791
145,"9/19/2023","PSME","n",25,10,"0:10",71,19,9.966042,10.68,21.5,84.012547,89.3,21.9,11.8625638144264
146,"9/19/2023","PSME","o",25,10,"0:10",72,19,6.7511332,7.22,21.6,55.279928,58.64,22,12.2126302335271
147,"9/19/2023","PSME","n",60,10,"0:10",73,19,12.7355172,13.62,21.6,86.9948513,92.47,21.9,14.6393918831838
148,"9/19/2023","PSME","o",60,10,"0:10",74,19,8.5838508,9.18,21.6,76.674385,81.5,21.9,11.1952000658369
149,"9/19/2023","PSME","n",25,10,"0:10",75,20,6.2121111,6.63,21.7,74.734848,79.6,21.8,8.31220142442787
150,"9/19/2023","PSME","o",25,10,"0:10",76,20,6.405161,6.85,21.6,63.5715648,67.71,21.8,10.0755125662724
151,"9/19/2023","PSME","n",60,10,"0:10",77,20,10.955181,11.74,21.5,89.0152128,94.81,21.8,12.3070884800491
152,"9/19/2023","PSME","o",60,10,"0:10",78,20,7.6768426,8.21,21.6,53.0041086,56.34,21.9,14.4834859084867
153,"9/19/2023","PSME","n",25,10,"0:10",79,21,5.281629,5.66,21.5,62.8238385,67.05,21.7,8.40704599735656
154,"9/19/2023","PSME","o",25,10,"0:10",80,21,5.2643878,5.63,21.6,53.3659392,56.84,21.8,9.86469624430408
155,"9/19/2023","PSME","n",60,10,"0:10",81,21,13.5017377,14.41,21.7,82.6876025,88.25,21.7,16.328611898017
156,"9/19/2023","PSME","o",60,10,"0:10",82,21,6.7649234,7.22,21.7,62.2001912,66.52,21.6,10.8760492041703
157,"9/19/2023","PSME","n",25,20,"0:20",83,22,7.2692385,7.79,21.5,66.1461444,70.74,21.6,10.9896632161073
158,"9/19/2023","PSME","o",25,20,"0:20",84,22,4.591098,4.92,21.5,34.4711263,36.79,21.7,13.318677086568
159,"9/19/2023","PSME","n",60,20,"0:20",85,22,17.431242,18.68,21.5,90.4738232,96.56,21.7,19.2666136827962
160,"9/19/2023","PSME","o",60,20,"0:20",86,22,6.8773155,7.37,21.5,41.2262208,43.91,21.8,16.6818965370699
161,"9/19/2023","PSME","n",25,20,"0:20",87,23,6.685679,7.15,21.6,63.920775,68.5,21.5,10.4593209328266
162,"9/19/2023","PSME","o",25,20,"0:20",88,23,3.3849172,3.62,21.6,45.118578,48.45,21.4,7.50226924261665
163,"9/19/2023","PSME","n",60,20,"0:20",89,23,28.2277875,30.25,21.5,84.7800896,91.04,21.4,33.2953027452332
164,"9/19/2023","PSME","o",60,20,"0:20",90,23,14.1269108,15.17,21.4,40.0153828,42.97,21.4,35.3037002559926
165,"9/19/2023","PSME","n",25,20,"0:20",91,24,6.6720225,7.15,21.5,51.472554,55.16,21.5,12.962291515591
166,"9/19/2023","PSME","o",25,20,"0:20",92,24,5.057673,5.42,21.5,39.136311,41.94,21.5,12.9232236528374
167,"9/19/2023","PSME","n",60,20,"0:20",93,24,17.5510762,18.77,21.6,63.9389384,68.66,21.4,27.4497460220578
168,"9/19/2023","PSME","o",60,20,"0:20",94,24,11.7911066,12.61,21.6,41.2166824,44.26,21.4,28.6076071954787
231,"9/20/2023","PSME","n",25,65,"1:05",155,25,11.3487748,11.99,22.2,108.227124,113.2,22.7,10.4860726041283
232,"9/20/2023","PSME","o",25,65,"1:05",156,25,4.6474812,4.92,22.1,54.2153712,56.82,22.6,8.5722574560183
233,"9/20/2023","PSME","n",60,65,"1:05",157,25,81.5710936,86.18,22.2,114.936575,120.7,22.5,70.9705275278996
234,"9/20/2023","PSME","o",60,65,"1:05",158,25,35.8352472,37.86,22.2,65.0291525,68.29,22.5,55.1064343026768
235,"9/20/2023","PSME","n",25,65,"1:05",159,26,5.631794,5.95,22.2,54.2739174,57.11,22.4,10.3766123209673
236,"9/20/2023","PSME","o",25,65,"1:05",160,26,4.6757599,4.93,22.3,49.9498704,52.56,22.4,9.36090496843411
237,"9/20/2023","PSME","n",60,65,"1:05",161,26,37.5099198,39.47,22.4,60.71546,63.76,22.5,61.7798494814994
238,"9/20/2023","PSME","o",60,65,"1:05",162,26,35.732784,37.6,22.4,55.6614138,58.57,22.4,64.1966877240908
239,"9/20/2023","PSME","n",25,65,"1:05",163,27,6.4528086,6.79,22.4,83.249784,87.6,22.4,7.75114155251142
240,"9/20/2023","PSME","o",25,65,"1:05",164,27,6.4113868,6.76,22.3,60.1020091,63.37,22.3,10.6675082846773
241,"9/20/2023","PSME","n",60,65,"1:05",165,27,68.097274,71.8,22.3,106.818216,112.4,22.4,63.7506190891636
242,"9/20/2023","PSME","o",60,65,"1:05",166,27,35.6799366,37.62,22.3,67.1700312,70.68,22.4,53.118832852351
243,"9/20/2023","PSME","n",25,110,"1:50",167,28,12.6046347,13.29,22.3,92.768195,97.42,22.5,13.5872371991284
244,"9/20/2023","PSME","o",25,110,"1:50",168,28,5.4914097,5.79,22.3,44.5139256,46.84,22.4,12.3363860319702
245,"9/20/2023","PSME","n",60,110,"1:50",169,28,73.5317779,77.53,22.3,113.945766,119.9,22.4,64.5322599349589
246,"9/20/2023","PSME","o",60,110,"1:50",170,28,39.1102064,41.32,22.2,54.6675052,57.64,22.3,71.5419631038879
247,"9/20/2023","PSME","n",25,110,"1:50",171,29,6.730878,7.14,22,69.519919,73.3,22.3,9.68194166049014
248,"9/20/2023","PSME","o",25,110,"1:50",172,29,4.1090535,4.35,22.1,39.961797,42.05,22.4,10.2824542650072
249,"9/20/2023","PSME","n",60,110,"1:50",173,29,51.6989224,54.62,22.2,91.5588375,96.15,22.5,56.4652455313229
250,"9/20/2023","PSME","o",60,110,"1:50",174,29,29.5096164,31.24,22.1,46.281558,48.7,22.4,63.7610695819704
251,"9/20/2023","PSME","n",25,110,"1:50",175,30,5.46766,5.8,22,64.5565962,67.93,22.4,8.46956054352816
252,"9/20/2023","PSME","o",25,110,"1:50",176,30,5.195355,5.5,22.1,57.353019,60.35,22.4,9.05855540054483
253,"9/20/2023","PSME","n",60,110,"1:50",177,30,33.412156,35.3,22.2,58.9400868,62.02,22.4,56.6883386401799
254,"9/20/2023","PSME","o",60,110,"1:50",178,30,41.2983492,43.72,22.1,62.3708142,65.63,22.4,66.2142217152586
315,"9/25/2023","PSME","n",25,160,"2:40",45,31,9.3693012,10.02,21.6,89.7325502,95.38,21.9,10.4413628935289
316,"9/25/2023","PSME","o",25,160,"2:40",46,31,4.7410682,5.06,21.7,47.3383296,50.42,21.8,10.0152841049972
317,"9/25/2023","PSME","n",55,160,"2:40",47,31,43.7377596,46.68,21.7,80.2211633,85.27,21.9,54.5214726398763
318,"9/25/2023","PSME","o",55,160,"2:40",48,31,8.8918453,9.49,21.7,37.819758,40.2,21.9,23.5111110441267
319,"9/25/2023","PSME","n",25,160,"2:40",49,32,3.654183,3.9,21.7,55.496749,58.87,22,6.58449921093576
320,"9/25/2023","PSME","o",25,160,"2:40",50,32,3.6052992,3.84,21.8,45.485275,48.25,22,7.9262996651114
321,"9/25/2023","PSME","n",55,160,"2:40",51,32,25.8849216,27.57,21.8,74.2471468,78.92,21.9,34.8631869581822
322,"9/25/2023","PSME","o",55,160,"2:40",52,32,5.210784,5.55,21.8,44.6969329,47.51,21.9,11.6580348178655
323,"9/25/2023","PSME","n",25,160,"2:40",53,33,7.3757936,7.84,21.9,90.376649,95.87,22,8.16117180888174
324,"9/25/2023","PSME","o",25,160,"2:40",54,33,3.7067126,3.94,21.9,43.0693662,45.78,21.9,8.60637833114897
325,"9/25/2023","PSME","n",55,160,"2:40",55,33,32.766912,34.9,21.8,95.772422,101.8,21.9,34.213306206248
326,"9/25/2023","PSME","o",55,160,"2:40",56,33,5.3813188,5.72,21.9,44.146641,46.83,22,12.189644960757
327,"9/25/2023","PSME","n",25,50,"0:50",57,34,9.3796763,9.97,21.9,93.5687808,99.66,21.8,10.0243651993807
328,"9/25/2023","PSME","o",25,50,"0:50",58,34,5.4283583,5.77,21.9,54.7003086,58.38,21.7,9.92381659068007
329,"9/25/2023","PSME","n",55,50,"0:50",59,34,8.9280971,9.49,21.9,70.2470016,74.82,21.8,12.7095774860802
330,"9/25/2023","PSME","o",55,50,"0:50",60,34,7.617016,8.08,22,52.3237824,55.73,21.8,14.5574644083834
331,"9/25/2023","PSME","n",25,50,"0:50",61,35,8.6740838,9.22,21.9,78.3119808,83.41,21.8,11.0763177120403
332,"9/25/2023","PSME","o",25,50,"0:50",62,35,3.8101995,4.05,21.9,40.8694464,43.53,21.8,9.32285566755316
333,"9/25/2023","PSME","n",55,50,"0:50",63,35,17.5363256,18.64,21.9,97.17408,103.5,21.8,18.0462995893555
334,"9/25/2023","PSME","o",55,50,"0:50",64,35,4.590949,4.87,22,39.7991232,42.39,21.8,11.5353018631325
335,"9/25/2023","PSME","n",25,50,"0:50",65,36,9.7925184,10.43,21.8,86.7900672,92.44,21.8,11.2829943747296
336,"9/25/2023","PSME","o",25,50,"0:50",66,36,6.7548722,7.18,21.9,71.8149312,76.49,21.8,9.40594398285798
337,"9/25/2023","PSME","n",55,50,"0:50",67,36,11.7034276,12.44,21.9,102.995136,109.7,21.8,11.3630876704702
338,"9/25/2023","PSME","o",55,50,"0:50",68,36,5.1931608,5.52,21.9,62.3040768,66.36,21.8,8.33518618158868
339,"9/25/2023","PSME","n",25,25,"0:25",69,37,6.2468456,6.64,21.9,60.7250257,64.81,21.7,10.2871024392172
340,"9/25/2023","PSME","o",25,25,"0:25",70,37,6.3127009,6.71,21.9,58.8771648,62.71,21.8,10.7218153615984
341,"9/25/2023","PSME","n",55,25,"0:25",71,37,9.125663,9.7,21.9,86.9227069,92.77,21.7,10.4985950454794
342,"9/25/2023","PSME","o",55,25,"0:25",72,37,5.882448,6.24,22,64.7914755,69.15,21.7,9.07904620878714
343,"9/25/2023","PSME","n",25,25,"0:25",73,38,5.93901,6.3,22,66.2812578,70.74,21.7,8.96031577723017
344,"9/25/2023","PSME","o",25,25,"0:25",74,38,3.2551334,3.46,21.9,42.0512136,44.88,21.7,7.74087861283509
345,"9/25/2023","PSME","n",55,25,"0:25",75,38,8.644559,9.17,22,68.3613312,72.96,21.7,12.6453930142308
346,"9/25/2023","PSME","o",55,25,"0:25",76,38,4.883186,5.18,22,41.6483165,44.45,21.7,11.7248100532467
347,"9/25/2023","PSME","n",25,25,"0:25",77,39,7.91868,8.4,22,64.182445,68.5,21.7,12.3377661913628
348,"9/25/2023","PSME","o",25,25,"0:25",78,39,4.911467,5.21,22,47.8510579,51.07,21.7,10.2640719255655
349,"9/25/2023","PSME","n",55,25,"0:25",79,39,9.323303,9.89,22,76.4060544,81.38,21.8,12.2023091929218
350,"9/25/2023","PSME","o",55,25,"0:25",80,39,4.4018826,4.66,22.1,43.3139716,46.04,21.9,10.1627314175918
351,"9/25/2023","PSME","n",25,10,"0:10",81,40,6.4800246,6.86,22.1,74.5481996,79.24,21.9,8.69239583889294
352,"9/25/2023","PSME","o",25,10,"0:10",82,40,6.03328,6.4,22,65.913584,69.92,22,9.1533180778032
353,"9/25/2023","PSME","n",55,10,"0:10",83,40,10.46397,11.1,22,92.120644,97.72,22,11.3589848546869
354,"9/25/2023","PSME","o",55,10,"0:10",84,40,6.2844772,6.68,21.9,55.4769453,58.73,22.1,11.32808803011
355,"9/25/2023","PSME","n",25,10,"0:10",85,41,4.204442,4.46,22,60.5022705,64.05,22.1,6.94923011195092
356,"9/25/2023","PSME","o",25,10,"0:10",86,41,3.8384232,4.08,21.9,42.32723,44.9,22,9.06844884486889
357,"9/25/2023","PSME","n",55,10,"0:10",87,41,5.646773,5.99,22,64.395837,68.31,22,8.76884789928268
358,"9/25/2023","PSME","o",55,10,"0:10",88,41,4.2429629,4.51,21.9,49.1480583,52.03,22.1,8.63302243620884
359,"9/25/2023","PSME","n",25,10,"0:10",89,42,7.928107,8.41,22,83.0217729,87.89,22.1,9.54943109869435
360,"9/25/2023","PSME","o",25,10,"0:10",90,42,4.1771076,4.44,21.9,47.474372,50.36,22,8.79865793696018
361,"9/25/2023","PSME","n",55,10,"0:10",91,42,8.29576,8.8,22,89.7419581,95.39,21.9,9.24401492416288
362,"9/25/2023","PSME","o",55,10,"0:10",92,42,4.920894,5.22,22,50.9058,54,22,9.66666666666667
363,"9/26/2023","PSME","n",25,380,"6:20",93,43,3.937893,4.22,21.5,60.3219952,63.22,22.6,6.52812127142638
364,"9/26/2023","PSME","o",25,380,"6:20",94,43,4.722053,5.05,21.6,48.3388992,50.56,22.7,9.76863991143596
365,"9/26/2023","PSME","n",55,380,"6:20",95,43,42.4915895,45.35,21.7,73.5026616,76.88,22.7,57.8095929794194
366,"9/26/2023","PSME","o",55,380,"6:20",96,43,45.9208997,49.01,21.7,63.3848488,66.43,22.6,72.4477545807445
367,"9/26/2023","PSME","n",25,380,"6:20",97,44,4.3288014,4.62,21.7,82.0553825,86.17,22.5,5.27546306910458
368,"9/26/2023","PSME","o",25,380,"6:20",98,44,3.27271,3.5,21.6,47.6500476,50.14,22.4,6.86821979166291
369,"9/26/2023","PSME","n",55,380,"6:20",99,44,78.832512,84.48,21.5,96.3677,101.2,22.5,81.803874119648
370,"9/26/2023","PSME","o",55,380,"6:20",100,44,33.4534275,35.85,21.5,51.2215275,53.79,22.5,65.3112648778387
371,"9/26/2023","PSME","n",25,380,"6:20",101,45,9.013248,9.6,21.8,93.529995,98.22,22.5,9.63674594444274
372,"9/26/2023","PSME","o",25,380,"6:20",102,45,4.0265812,4.28,21.9,37.7376675,39.63,22.5,10.669926009603
373,"9/26/2023","PSME","n",55,380,"6:20",103,45,56.052942,59.46,22,95.0250275,99.79,22.5,58.9875567255163
374,"9/26/2023","PSME","o",55,380,"6:20",104,45,17.1635637,18.17,22.1,38.642305,40.58,22.5,44.4165111268595
387,"9/26/2023","PSME","n",25,1375,"22:55",117,46,3.7010315,3.95,21.7,65.8870722,69.33,22.4,5.61723472666312
388,"9/26/2023","PSME","o",25,1375,"22:55",118,46,3.6635527,3.91,21.7,48.22194,50.64,22.5,7.5972735646886
389,"9/26/2023","PSME","n",50,1375,"22:55",119,46,43.1603136,45.97,21.8,77.7258736,81.46,22.6,55.5288883880747
390,"9/26/2023","PSME","o",50,1375,"22:55",120,46,12.6091584,13.43,21.8,54.6686725,57.41,22.5,23.06468736734
391,"9/26/2023","PSME","n",25,1375,"22:55",121,47,3.9339072,4.19,21.8,67.857335,71.26,22.5,5.79732051074508
392,"9/26/2023","PSME","o",25,1375,"22:55",122,47,3.7836864,4.03,21.8,44.761014,47.1,22.4,8.45308464191629
393,"9/26/2023","PSME","n",50,1375,"22:55",123,47,54.156866,57.8,21.7,87.7543956,92.34,22.4,61.7141348073965
394,"9/26/2023","PSME","o",50,1375,"22:55",124,47,17.3807935,18.55,21.7,39.8530286,42.02,22.3,43.6122275033321
395,"9/26/2023","PSME","n",25,1375,"22:55",125,48,4.9097228,5.24,21.7,88.0204908,92.62,22.4,5.57793163316467
396,"9/26/2023","PSME","o",25,1375,"22:55",126,48,3.2419162,3.46,21.7,45.4832724,47.86,22.4,7.12771097798144
397,"9/26/2023","PSME","n",50,1375,"22:55",127,48,33.940512,36.15,21.8,78.1274514,82.21,22.4,43.4424922249544
398,"9/26/2023","PSME","o",50,1375,"22:55",128,48,18.6550727,19.91,21.7,48.277272,50.8,22.4,38.6415220396049
411,"9/26/2023","PSME","n",25,500,"8:20",141,49,3.8898496,4.16,21.6,71.793542,75.85,22.2,5.41810515491769
412,"9/26/2023","PSME","o",25,500,"8:20",142,49,2.7677776,2.96,21.6,33.1760814,34.98,22.3,8.34268992359056
413,"9/26/2023","PSME","n",50,500,"8:20",143,49,5.3219896,5.68,21.7,44.9502348,47.49,22.2,11.8397370418185
414,"9/26/2023","PSME","o",50,500,"8:20",144,49,5.868,6.25,21.8,77.9837828,82.39,22.2,7.52464139249218
415,"9/26/2023","PSME","n",25,500,"8:20",145,50,4.2812928,4.56,21.8,69.09596,73,22.2,6.19615502845608
416,"9/26/2023","PSME","o",25,500,"8:20",146,50,2.6530278,2.82,21.9,41.0149662,43.42,22.1,6.46843834287982
417,"9/26/2023","PSME","n",50,500,"8:20",147,50,7.3326528,7.81,21.8,73.030969,77.47,22,10.040470365387
418,"9/26/2023","PSME","o",50,500,"8:20",148,50,4.3756499,4.67,21.7,41.8367769,44.29,22.1,10.4588599414789
419,"9/26/2023","PSME","n",25,500,"8:20",149,51,4.2437376,4.52,21.8,72.7255239,76.99,22.1,5.8352795173195
420,"9/26/2023","PSME","o",25,500,"8:20",150,51,2.6851968,2.86,21.8,43.8901324,46.37,22.2,6.11799658184672
421,"9/26/2023","PSME","n",50,500,"8:20",151,51,6.6137537,7.03,21.9,65.9810085,69.85,22.1,10.0237232657637
422,"9/26/2023","PSME","o",50,500,"8:20",152,51,4.609803,4.89,22,45.5560076,48.13,22.2,10.1189793462059
435,"9/27/2023","PSME","n",25,250,"4:10",187,52,8.932105,9.38,22.5,91.7936436,95.82,22.8,9.73063564065781
436,"9/27/2023","PSME","o",25,250,"4:10",188,52,4.8659975,5.11,22.5,50.5430248,52.76,22.8,9.62743626693272
437,"9/27/2023","PSME","n",50,250,"4:10",189,52,11.9174584,12.49,22.6,93.929939,98.05,22.8,12.6876036829961
438,"9/27/2023","PSME","o",50,250,"4:10",190,52,5.4304776,5.68,22.7,56.1247683,58.47,22.9,9.67572386396827
439,"9/27/2023","PSME","n",25,250,"4:10",165,53,6.6064437,6.91,22.7,103.853085,109.5,22.3,6.36133601616168
440,"9/27/2023","PSME","o",25,250,"4:10",166,53,4.0456384,4.24,22.6,49.7964172,52.61,22.2,8.12435638441876
441,"9/27/2023","PSME","n",50,250,"4:10",167,53,10.0482957,10.51,22.7,108.215863,114.1,22.3,9.28541844184156
442,"9/27/2023","PSME","o",50,250,"4:10",168,53,5.8607091,6.13,22.7,56.7445669,59.83,22.3,10.3282295031491
443,"9/27/2023","PSME","n",25,250,"4:10",169,54,5.868084,6.15,22.6,87.6572172,92.61,22.2,6.69435351411087
444,"9/27/2023","PSME","o",25,250,"4:10",170,54,3.4036092,3.56,22.7,43.2389237,45.59,22.3,7.87163256794942
445,"9/27/2023","PSME","n",50,250,"4:10",171,54,6.9836742,7.29,22.8,77.0155536,81.04,22.4,9.0678750895845
446,"9/27/2023","PSME","o",50,250,"4:10",172,54,4.0699336,4.24,22.9,44.4474018,46.77,22.4,9.15674130585514
447,"9/27/2023","PSME","n",25,250,"4:10",173,55,4.971564,5.2,22.7,89.5591125,94.05,22.5,5.55115371425772
448,"9/27/2023","PSME","o",25,250,"4:10",174,55,4.8186394,5.03,22.8,55.9233176,58.61,22.6,8.61651205042242
449,"9/27/2023","PSME","n",50,250,"4:10",175,55,6.0423624,6.32,22.7,89.1376272,93.42,22.6,6.77868885430686
450,"9/27/2023","PSME","o",50,250,"4:10",176,55,4.9527566,5.17,22.8,55.866068,58.55,22.6,8.86541111144604
451,"9/27/2023","PSME","n",25,100,"1:40",177,56,3.5922852,3.78,22.4,52.8324282,55.26,22.7,6.79939446735481
452,"9/27/2023","PSME","o",25,100,"1:40",178,56,3.516258,3.7,22.4,37.3995392,39.04,22.8,9.40187519743559
453,"9/27/2023","PSME","n",50,100,"1:40",179,56,4.2575232,4.48,22.4,52.7559426,55.18,22.7,8.07022486979505
454,"9/27/2023","PSME","o",50,100,"1:40",180,56,3.991428,4.2,22.4,34.1232476,35.62,22.8,11.6970929812671
455,"9/27/2023","PSME","n",25,100,"1:40",181,57,5.961085,6.26,22.5,81.7922269,85.21,22.9,7.28808253049288
456,"9/27/2023","PSME","o",25,100,"1:40",183,57,4.6565025,4.89,22.5,61.516728,63.96,23,7.56948987924065
457,"9/27/2023","PSME","n",50,100,"1:40",185,57,6.9469854,7.31,22.4,67.768234,70.6,22.9,10.2510940450359
458,"9/27/2023","PSME","o",50,100,"1:40",186,57,5.8563375,6.15,22.5,59.554656,61.92,23,9.83355104930839
483,"10/2/2023","PSME","n",25,10200,"2:50:00",1,58,5.5781276,5.99,21.4,61.9191855,65.55,22.1,9.00872250653233
484,"10/2/2023","PSME","o",25,10200,"2:50:00",2,58,3.9845505,4.27,21.5,50.8672485,53.85,22.1,7.83323379482576
485,"10/2/2023","PSME","n",45,10200,"2:50:00",3,58,30.9785378,33.13,21.6,61.803412,65.56,22,50.1243164374161
486,"10/2/2023","PSME","o",45,10200,"2:50:00",4,58,34.9091415,37.41,21.5,51.28288,54.4,22,68.0717258859097
487,"10/2/2023","PSME","n",25,10200,"2:50:00",5,59,5.1345956,5.48,21.7,79.1288064,84.28,21.8,6.4889081910883
488,"10/2/2023","PSME","o",25,10200,"2:50:00",6,59,4.0477104,4.32,21.7,56.3156894,59.86,21.9,7.18753591250541
489,"10/2/2023","PSME","n",45,10200,"2:50:00",7,59,50.7831086,54.31,21.6,78.819147,83.61,22,64.4299139649405
490,"10/2/2023","PSME","o",45,10200,"2:50:00",8,59,30.215397,32.38,21.5,55.7130978,58.98,22.1,54.2339201967692
491,"10/2/2023","PSME","n",25,10200,"2:50:00",9,60,4.4875683,4.77,21.9,61.266073,64.99,22,7.32471999633468
492,"10/2/2023","PSME","o",25,10200,"2:50:00",10,60,4.3746735,4.65,21.9,39.7114044,42.04,22.1,11.0161641626555
493,"10/2/2023","PSME","n",45,10200,"2:50:00",11,60,34.8844932,37.08,21.9,55.560724,58.7,22.2,62.7862466299035
494,"10/2/2023","PSME","o",45,10200,"2:50:00",12,60,27.5842944,29.38,21.8,42.9986472,45.52,22.1,64.1515400977545
523,"10/3/2023","PSME","n",25,500,"8:20",49,61,4.5349348,4.84,21.7,72.6832708,76.79,22.2,6.23931029807206
524,"10/3/2023","PSME","o",25,500,"8:20",50,61,2.9420858,3.14,21.7,36.5335236,38.52,22.3,8.05311262119814
525,"10/3/2023","PSME","n",45,500,"8:20",51,61,4.833717,5.18,21.5,70.4873176,74.32,22.3,6.85756979351985
526,"10/3/2023","PSME","o",45,500,"8:20",52,61,3.6373834,3.89,21.6,35.8088112,37.68,22.4,10.1577887623368
527,"10/3/2023","PSME","n",25,500,"8:20",53,62,4.0768616,4.36,21.6,53.7545125,56.45,22.5,7.58422206879841
528,"10/3/2023","PSME","o",25,500,"8:20",54,62,4.516446,4.84,21.5,49.7169725,52.21,22.5,9.08431421482875
529,"10/3/2023","PSME","n",45,500,"8:20",55,62,4.5630928,4.88,21.6,58.6426736,61.46,22.6,7.78118138188024
530,"10/3/2023","PSME","o",45,500,"8:20",56,62,4.2919254,4.59,21.6,47.9838775,50.39,22.5,8.94451558234326
531,"10/3/2023","PSME","n",25,500,"8:20",57,63,9.3786518,10.03,21.6,77.58933,81.48,22.5,12.0875535334562
532,"10/3/2023","PSME","o",25,500,"8:20",58,63,5.9497595,6.35,21.7,57.1251825,59.75,22.7,10.4153006425844
533,"10/3/2023","PSME","n",45,500,"8:20",59,63,6.5267188,6.98,21.6,80.292564,84.15,22.6,8.12867154173829
534,"10/3/2023","PSME","o",45,500,"8:20",60,63,4.66575,5,21.5,54.259205,56.98,22.5,8.59900177306321
535,"10/3/2023","PSME","n",25,4750,"1:19:10",61,64,3.5230072,3.76,21.7,61.267765,64.34,22.5,5.75018070269088
536,"10/3/2023","PSME","o",25,4750,"1:19:10",62,64,3.6916618,3.94,21.7,51.745265,54.34,22.5,7.13429876144223
537,"10/3/2023","PSME","n",45,4750,"1:19:10",63,64,11.876832,12.65,21.8,60.3821725,63.41,22.5,19.6694347160166
538,"10/3/2023","PSME","o",45,4750,"1:19:10",64,64,40.0273584,42.72,21.7,64.8416982,68.23,22.4,61.7308915576798
539,"10/3/2023","PSME","n",25,4750,"1:19:10",65,65,5.9712768,6.36,21.8,81.1262292,85.71,22.2,7.36047620958574
540,"10/3/2023","PSME","o",25,4750,"1:19:10",66,65,4.0077654,4.26,21.9,58.0154631,61.17,22.3,6.90809861000661
541,"10/3/2023","PSME","n",45,4750,"1:19:10",67,65,32.372318,34.34,22,78.4315602,82.53,22.4,41.2746066984397
542,"10/3/2023","PSME","o",45,4750,"1:19:10",68,65,21.8866137,23.17,22.1,64.5720725,67.81,22.5,33.8948601967205
543,"10/3/2023","PSME","n",25,4750,"1:19:10",69,66,7.0373445,7.45,22.1,85.7871918,90.27,22.4,8.20325779681251
544,"10/3/2023","PSME","o",25,4750,"1:19:10",70,66,4.770062,5.06,22,50.5702876,53.32,22.3,9.43253880169746
545,"10/3/2023","PSME","n",45,4750,"1:19:10",71,66,45.334443,48.09,22,90.8810142,95.63,22.4,49.8832934459043
546,"10/3/2023","PSME","o",45,4750,"1:19:10",72,66,23.030161,24.43,22,55.7184342,58.63,22.4,41.3331087469791
571,"10/3/2023","PSME","n",25,6000,"1:40:00",97,67,5.7858585,6.15,21.9,91.8116961,97.59,21.9,6.30187519213034
572,"10/3/2023","PSME","o",25,6000,"1:40:00",98,67,3.0199359,3.21,21.9,40.790629,43.27,22,7.40350412345934
573,"10/3/2023","PSME","n",45,6000,"1:40:00",99,67,31.58045,33.5,22,94.933305,100.5,22.1,33.2659333834422
574,"10/3/2023","PSME","o",45,6000,"1:40:00",100,67,21.8582754,23.14,22.1,44.797104,47.52,22,48.7939474837481
575,"10/3/2023","PSME","n",25,6000,"1:40:00",101,68,4.9132578,5.17,22.4,67.12024,71.2,22,7.32008377800794
576,"10/3/2023","PSME","o",25,6000,"1:40:00",102,68,4.8850425,5.13,22.5,45.6189071,48.49,21.9,10.7083724940881
577,"10/3/2023","PSME","n",45,6000,"1:40:00",103,68,41.2006288,43.18,22.6,78.9416889,83.91,21.9,52.1912178141909
578,"10/3/2023","PSME","o",45,6000,"1:40:00",104,68,35.948232,37.6,22.7,50.132786,53.18,22,71.7060328544278
579,"10/3/2023","PSME","n",25,6000,"1:40:00",105,69,5.7861992,6.04,22.8,75.972193,80.59,22,7.61620662970727
580,"10/3/2023","PSME","o",25,6000,"1:40:00",106,69,3.6091864,3.76,22.9,49.793414,52.82,22,7.24832083214861
581,"10/3/2023","PSME","n",45,6000,"1:40:00",107,69,45.4657308,47.46,22.8,84.577021,89.9,21.9,53.7565999161876
582,"10/3/2023","PSME","o",45,6000,"1:40:00",108,69,25.7469651,26.93,22.7,55.6853601,59.19,21.9,46.2365064242442
583,"10/4/2023","PSME","n",25,3500,"58:20:00",109,70,3.77091,3.96,22.5,50.4709353,52.79,22.7,7.47144862203495
584,"10/4/2023","PSME","o",25,3500,"58:20:00",110,70,3.6968226,3.89,22.4,48.2041632,50.52,22.6,7.66909402547206
585,"10/4/2023","PSME","n",45,3500,"58:20:00",111,70,11.407955,11.98,22.5,51.6214725,54.21,22.5,22.0992436819775
586,"10/4/2023","PSME","o",45,3500,"58:20:00",112,70,6.6943175,7.03,22.5,50.2349724,52.86,22.4,13.3260101084479
587,"10/4/2023","PSME","n",25,3500,"58:20:00",113,71,4.1256705,4.35,22.3,63.7534646,67.22,22.3,6.47128830705147
588,"10/4/2023","PSME","o",25,3500,"58:20:00",114,71,4.4391788,4.69,22.2,49.4461902,52.03,22.4,8.97779744413959
589,"10/4/2023","PSME","n",45,3500,"58:20:00",115,71,8.8688924,9.37,22.2,65.3847642,68.94,22.3,13.5641575044481
590,"10/4/2023","PSME","o",45,3500,"58:20:00",116,71,5.2342556,5.53,22.2,51.5282019,54.33,22.3,10.1580404652156
591,"10/4/2023","PSME","n",25,3500,"58:20:00",117,72,4.229013,4.45,22.4,57.3354744,60.09,22.6,7.37591001776031
592,"10/4/2023","PSME","o",25,3500,"58:20:00",118,72,4.5996456,4.84,22.4,55.04005,57.8,22.5,8.35690665251939
593,"10/4/2023","PSME","n",45,3500,"58:20:00",119,72,4.056585,4.26,22.5,47.0323266,49.49,22.4,8.6250995714084
594,"10/4/2023","PSME","o",45,3500,"58:20:00",120,72,10.881393,11.45,22.4,51.6230449,54.43,22.3,21.0785571077385
619,"10/4/2023","PSME","n",25,1000,"16:40",145,73,5.846815,6.14,22.5,71.07958,75.4,22,8.22573093425707
620,"10/4/2023","PSME","o",25,1000,"16:40",146,73,2.8795302,3.03,22.4,33.8075919,35.79,22.1,8.51740700289274
621,"10/4/2023","PSME","n",45,1000,"16:40",147,73,4.5711354,4.81,22.4,67.0389717,70.97,22.1,6.81862397957992
622,"10/4/2023","PSME","o",45,1000,"16:40",148,73,3.516258,3.7,22.4,38.0205525,40.25,22.1,9.24830852997205
623,"10/4/2023","PSME","n",25,1000,"16:40",149,74,6.3862848,6.72,22.4,54.949983,58.29,22,11.6219959522098
624,"10/4/2023","PSME","o",25,1000,"16:40",150,74,3.516258,3.7,22.4,37.924821,40.23,22,9.27165351683532
625,"10/4/2023","PSME","n",45,1000,"16:40",151,74,6.1991475,6.51,22.5,64.650366,68.58,22,9.58872761834017
626,"10/4/2023","PSME","o",45,1000,"16:40",152,74,4.0742632,4.27,22.6,45.4451871,48.11,22.1,8.96522483455679
627,"10/4/2023","PSME","n",25,1000,"16:40",153,75,5.369421,5.65,22.4,70.410263,74.69,22,7.62590675169045
628,"10/4/2023","PSME","o",25,1000,"16:40",154,75,4.399395,4.62,22.5,52.395266,55.58,22,8.39655055859436
629,"10/4/2023","PSME","n",45,1000,"16:40",155,75,6.2372375,6.55,22.5,76.415262,81.06,22,8.16229289379391
630,"10/4/2023","PSME","o",45,1000,"16:40",156,75,4.247035,4.46,22.5,48.237959,51.17,22,8.80434224010182
631,"10/4/2023","PSME","n",25,2250,"37:30:00",157,76,6.4433052,6.78,22.4,78.555191,83.33,22,8.20226533469952
632,"10/4/2023","PSME","o",25,2250,"37:30:00",158,76,4.3898725,4.61,22.5,41.582497,44.11,22,10.557019940385
633,"10/4/2023","PSME","n",45,2250,"37:30:00",159,76,6.6752725,7.01,22.5,67.516174,71.62,22,9.88692353923965
634,"10/4/2023","PSME","o",45,2250,"37:30:00",160,76,4.1232425,4.33,22.5,40.281571,42.73,22,10.236051866001
635,"10/4/2023","PSME","n",25,2250,"37:30:00",161,77,3.7253328,3.92,22.4,55.4783863,58.97,21.9,6.71492638566526
636,"10/4/2023","PSME","o",25,2250,"37:30:00",162,77,3.6398022,3.83,22.4,45.937771,48.73,22,7.92333219650557
637,"10/4/2023","PSME","n",45,2250,"37:30:00",163,77,7.3418475,7.71,22.5,65.6692872,69.52,22.1,11.1800322693315
638,"10/4/2023","PSME","o",45,2250,"37:30:00",164,77,5.343296,5.6,22.6,52.461255,55.65,22,10.1852233615075
639,"10/4/2023","PSME","n",25,2250,"37:30:00",165,78,5.06597,5.32,22.5,55.581592,58.96,22,9.11447444686363
640,"10/4/2023","PSME","o",25,2250,"37:30:00",166,78,6.3862848,6.72,22.4,48.379364,51.32,22,13.2004314897567
641,"10/4/2023","PSME","n",45,2250,"37:30:00",167,78,6.1962168,6.52,22.4,67.4828667,71.73,21.9,9.18191105832201
642,"10/4/2023","PSME","o",45,2250,"37:30:00",168,78,4.76125,5,22.5,46.8782784,49.93,21.8,10.1566229872469
703,"10/11/2023","PSME","n",25,500,"8:20",45,79,7.1845704,7.56,22.4,70.7623623,74.61,22.3,10.1530957510162
704,"10/11/2023","PSME","o",25,500,"8:20",46,79,4.0118589,4.23,22.3,36.3817748,38.36,22.3,11.0271115745568
705,"10/11/2023","PSME","n",55,500,"8:20",47,79,51.5948052,54.51,22.2,82.7826392,87.46,22.2,62.3256345758061
706,"10/11/2023","PSME","o",55,500,"8:20",48,79,23.3693152,24.64,22.3,41.6856393,44.13,22.1,56.0608295624724
707,"10/11/2023","PSME","n",25,500,"8:20",49,80,6.8389764,7.24,22.1,66.2266071,70.11,22.1,10.3266295820853
708,"10/11/2023","PSME","o",25,500,"8:20",50,80,3.733092,3.96,22,38.4834114,40.74,22.1,9.70052254774898
709,"10/11/2023","PSME","n",55,500,"8:20",51,80,42.696372,45.2,22.1,76.242186,80.55,22.2,56.0009808742892
710,"10/11/2023","PSME","o",55,500,"8:20",52,80,14.0841351,14.91,22.1,35.6932692,37.71,22.2,39.4587982991482
711,"10/11/2023","PSME","n",25,500,"8:20",53,81,3.8144756,4.03,22.2,48.698454,51.45,22.2,7.83284742468416
712,"10/11/2023","PSME","o",25,500,"8:20",54,81,3.6650868,3.88,22.1,33.2880564,35.24,22.1,11.0102156640182
713,"10/11/2023","PSME","n",55,500,"8:20",55,81,39.206893,41.59,22,53.2004352,56.32,22.1,73.6965644220895
714,"10/11/2023","PSME","o",55,500,"8:20",56,81,24.0654082,25.58,21.9,39.4091292,41.72,22.1,61.0655670108032
735,"10/11/2023","PSME","n",25,750,"12:30",77,82,5.759897,6.11,22,70.2034152,74.32,22.1,8.20458233205726
736,"10/11/2023","PSME","o",25,750,"12:30",78,82,5.543076,5.88,22,61.021806,64.6,22.1,9.08376261430217
737,"10/11/2023","PSME","n",50,750,"12:30",79,82,12.9317109,13.69,22.1,70.8268578,74.98,22.1,18.2582021872499
738,"10/11/2023","PSME","o",50,750,"12:30",80,82,7.6418949,8.09,22.1,55.298782,58.66,22,13.8192824934191
739,"10/11/2023","PSME","n",25,750,"12:30",81,83,4.7792132,5.08,21.9,59.9638428,63.48,22.1,7.97015831013419
740,"10/11/2023","PSME","o",25,750,"12:30",82,83,4.0935168,4.36,21.8,43.5276288,46.08,22.1,9.40441028572639
741,"10/11/2023","PSME","n",50,750,"12:30",83,83,15.7504657,16.81,21.7,77.819885,82.55,22,20.239641448969
742,"10/11/2023","PSME","o",50,750,"12:30",84,83,4.9378319,5.27,21.7,45.0295587,47.67,22.1,10.9657568107591
743,"10/11/2023","PSME","n",25,750,"12:30",85,84,4.2069953,4.49,21.7,87.935056,93.28,22,4.78420722220271
744,"10/11/2023","PSME","o",25,750,"12:30",86,84,2.9856384,3.18,21.8,47.6604214,50.66,21.9,6.26439782171125
745,"10/11/2023","PSME","n",50,750,"12:30",87,84,31.4506097,33.43,21.9,94.45854,100.2,22,33.2956762829491
746,"10/11/2023","PSME","o",50,750,"12:30",88,84,7.3663857,7.83,21.9,45.796366,48.58,22,16.0850878429961
755,"10/11/2023","PSME","n",25,2250,"37:30:00",97,85,7.367958,7.8,22.1,76.424689,81.07,22,9.64080861356204
756,"10/11/2023","PSME","o",25,2250,"37:30:00",98,85,3.874497,4.11,22,49.614301,52.63,22,7.80923427702831
757,"10/11/2023","PSME","n",50,2250,"37:30:00",99,85,48.087127,51.01,22,74.869234,79.42,22,64.2281541173508
758,"10/11/2023","PSME","o",50,2250,"37:30:00",100,85,21.4237548,22.68,22.1,42.939985,45.55,22,49.8923201766372
759,"10/11/2023","PSME","n",25,2250,"37:30:00",101,86,3.683979,3.9,22.1,37.7444948,40.12,21.9,9.76030814432838
760,"10/11/2023","PSME","o",25,2250,"37:30:00",102,86,4.0132448,4.24,22.2,53.092864,56.32,22,7.55891563883237
761,"10/11/2023","PSME","n",50,2250,"37:30:00",103,86,30.2644013,31.91,22.3,59.0570172,62.52,22.1,51.2460715675969
762,"10/11/2023","PSME","o",50,2250,"37:30:00",104,86,26.276901,27.65,22.4,55.14795,58.5,22,47.6480104881505
763,"10/11/2023","PSME","n",25,2250,"37:30:00",105,87,5.59923,5.88,22.5,55.581592,58.96,22,10.0738928096914
764,"10/11/2023","PSME","o",25,2250,"37:30:00",106,87,6.392872,6.7,22.6,48.379364,51.32,22,13.214047212361
765,"10/11/2023","PSME","n",50,2250,"37:30:00",107,87,43.3368975,45.51,22.5,67.4828667,71.73,21.9,64.2191116341535
766,"10/11/2023","PSME","o",50,2250,"37:30:00",108,87,38.3090175,40.23,22.5,65.6558784,69.93,21.8,58.3481912565501
0,NA,"PSME","n",25,0,"0:00",NA,1000,0,0,25,100,100,25,0
0,NA,"PSME","o",25,0,"0:00",NA,1000,0,0,25,100,100,25,0
0,NA,"PSME","n",45,0,"0:00",NA,1000,0,0,25,100,100,25,0
0,NA,"PSME","o",45,0,"0:00",NA,1000,0,0,25,100,100,25,0
0,NA,"PSME","n",25,0,"0:00",NA,1001,0,0,25,100,100,25,0
0,NA,"PSME","o",25,0,"0:00",NA,1001,0,0,25,100,100,25,0
0,NA,"PSME","n",50,0,"0:00",NA,1001,0,0,25,100,100,25,0
0,NA,"PSME","o",50,0,"0:00",NA,1001,0,0,25,100,100,25,0
0,NA,"PSME","n",25,0,"0:00",NA,1002,0,0,25,100,100,25,0
0,NA,"PSME","o",25,0,"0:00",NA,1002,0,0,25,100,100,25,0
0,NA,"PSME","n",55,0,"0:00",NA,1002,0,0,25,100,100,25,0
0,NA,"PSME","o",55,0,"0:00",NA,1002,0,0,25,100,100,25,0
0,NA,"PSME","n",25,0,"0:00",NA,1003,0,0,25,100,100,25,0
0,NA,"PSME","o",25,0,"0:00",NA,1003,0,0,25,100,100,25,0
0,NA,"PSME","n",60,0,"0:00",NA,1003,0,0,25,100,100,25,0
0,NA,"PSME","o",60,0,"0:00",NA,1003,0,0,25,100,100,25,0
0,NA,"PSME","n",25,0,"0:00",NA,1004,0,0,25,100,100,25,0
0,NA,"PSME","o",25,0,"0:00",NA,1004,0,0,25,100,100,25,0
0,NA,"PSME","n",65,0,"0:00",NA,1004,0,0,25,100,100,25,0
0,NA,"PSME","o",65,0,"0:00",NA,1004,0,0,25,100,100,25,0
