uniqueID,date,spp,age,temp,dur1,dur2,ID,branch,EC1,temp1,EC2,temp2
1,9/13/2023,PSME,n,25,2,0:02,1,1,8.02,22.5,68.2,21.7
2,9/13/2023,PSME,o,25,2,0:02,2,1,4.61,22.5,29.74,21.6
3,9/13/2023,PSME,n,65,2,0:02,3,1,14.21,22.5,47.62,21.7
4,9/13/2023,PSME,o,65,2,0:02,4,1,8.84,22.5,40.56,21.6
5,9/13/2023,PSME,n,25,2,0:02,5,2,4.09,22.4,54.49,21.6
6,9/13/2023,PSME,o,25,2,0:02,6,2,4.98,22.5,53.56,51.6
7,9/13/2023,PSME,n,65,2,0:02,7,2,11.9,22.5,67.48,21.5
8,9/13/2023,PSME,o,65,2,0:02,8,2,14.06,22.6,71.29,21.6
9,9/13/2023,PSME,n,25,2,0:02,9,3,8.62,22.5,80.72,21.7
10,9/13/2023,PSME,o,25,2,0:02,10,3,4.95,22.4,44.54,21.6
11,9/13/2023,PSME,n,65,2,0:02,11,3,23.82,22.5,68.66,21.7
12,9/13/2023,PSME,o,65,2,0:02,12,3,12.03,22.6,50.82,21.7
13,9/13/2023,PSME,n,25,5,0:05,13,4,8.32,22.3,104.4,21.8
14,9/13/2023,PSME,o,25,5,0:05,14,4,6.5,22.4,53.84,21.7
15,9/13/2023,PSME,n,65,5,0:05,15,4,50.01,22.4,112,21.7
16,9/13/2023,PSME,o,65,5,0:05,16,4,44.55,22.4,85.96,21.7
17,9/13/2023,PSME,n,25,5,0:05,17,5,7.53,22.5,73.37,21.9
18,9/13/2023,PSME,o,25,5,0:05,18,5,6.62,22.6,59.57,21.9
19,9/13/2023,PSME,n,65,5,0:05,19,5,35.47,22.6,84.86,22
20,9/13/2023,PSME,o,65,5,0:05,26,5,27.8,22.5,62.39,21.9
21,9/13/2023,PSME,n,25,5,0:05,27,6,8.87,22.4,92.65,21.9
22,9/13/2023,PSME,o,25,5,0:05,28,6,7.54,22.5,74.74,22
23,9/13/2023,PSME,n,65,5,0:05,30,6,50.3,22.5,110.8,22
24,9/13/2023,PSME,o,65,5,0:05,31,6,39.79,22.6,91.91,22.1
25,9/13/2023,PSME,n,25,10,0:10,32,7,6.89,22.3,94.1,22.1
26,9/13/2023,PSME,o,25,10,0:10,33,7,7.24,22.4,72.82,22.1
27,9/13/2023,PSME,n,65,10,0:10,34,7,58.23,22.3,113.9,22
28,9/13/2023,PSME,o,65,10,0:10,35,7,43.45,22.4,75.43,22
29,9/13/2023,PSME,n,25,10,0:10,36,8,10.14,22.5,109.5,22.2
30,9/13/2023,PSME,o,25,10,0:10,37,8,6.36,22.5,58,22.3
31,9/13/2023,PSME,n,65,10,0:10,39,8,65.69,22.6,126.8,22.3
32,9/13/2023,PSME,o,65,10,0:10,40,8,38.49,22.5,62.94,22.3
33,9/13/2023,PSME,n,25,10,0:10,41,9,5.57,22.5,80.36,22.5
34,9/13/2023,PSME,o,25,10,0:10,42,9,7.32,22.5,84.26,22.4
35,9/13/2023,PSME,n,65,10,0:10,43,9,38.97,22.6,80.15,22.5
36,9/13/2023,PSME,o,65,10,0:10,44,9,45.67,22.7,84.11,22.5
37,9/13/2023,PSME,n,25,30,0:30,45,10,7.82,22.7,80.7,22.6
38,9/13/2023,PSME,o,25,30,0:30,46,10,5.83,22.7,55.92,22.5
39,9/13/2023,PSME,n,65,30,0:30,47,10,41.43,22.7,75.98,22.6
40,9/13/2023,PSME,o,65,30,0:30,48,10,30.77,22.7,62.65,22.5
41,9/13/2023,PSME,n,25,30,0:30,49,11,5.77,22.7,60.33,22.5
42,9/13/2023,PSME,o,25,30,0:30,50,11,8.23,22.8,64.97,22.5
43,9/13/2023,PSME,n,65,30,0:30,51,11,32.59,22.7,56.46,22.4
44,9/13/2023,PSME,o,65,30,0:30,52,11,25.11,22.6,44.38,22.4
45,9/13/2023,PSME,n,25,30,0:30,53,12,6.61,22.6,85.57,22.3
46,9/13/2023,PSME,o,25,30,0:30,54,12,6.04,22.5,60.84,22.3
47,9/13/2023,PSME,n,65,30,0:30,55,12,49.6,22.6,88.4,22.2
48,9/13/2023,PSME,o,65,30,0:30,56,12,42.67,22.7,80.38,22.2
49,9/13/2023,PIPO,n,25,5,0:05,57,1,9.39,22.6,132.4,22.5
50,9/13/2023,PIPO,o,25,5,0:05,58,1,7.7,22.7,116.9,22.4
51,9/13/2023,PIPO,n,65,5,0:05,59,1,16.52,22.7,144.8,22.4
52,9/13/2023,PIPO,o,65,5,0:05,60,1,11.06,22.8,132,22.5
53,9/13/2023,PIPO,n,25,5,0:05,61,2,9.4,22.8,132.9,22.6
54,9/13/2023,PIPO,o,25,5,0:05,62,2,9.38,22.7,96.6,22.5
55,9/13/2023,PIPO,n,65,5,0:05,63,2,21.6,22.7,159.6,22.6
56,9/13/2023,PIPO,o,65,5,0:05,64,2,18.32,22.7,162,22.6
57,9/13/2023,PIPO,n,25,5,0:05,65,3,11.28,22.6,157,22.8
58,9/13/2023,PIPO,o,25,5,0:05,66,3,13.35,22.7,185.4,22.7
59,9/13/2023,PIPO,n,65,5,0:05,67,3,10.27,22.7,140.5,22.7
60,9/13/2023,PIPO,o,65,5,0:05,68,3,12.14,22.6,139.5,22.7
61,9/13/2023,PIPO,n,25,10,0:10,69,4,8.67,22.5,129.3,22.6
62,9/13/2023,PIPO,o,25,10,0:10,70,4,20.15,22.6,187.2,22.5
63,9/13/2023,PIPO,n,65,10,0:10,71,4,9.27,22.6,133,22.5
64,9/13/2023,PIPO,o,65,10,0:10,72,4,13.53,22.6,165.4,22.5
65,9/13/2023,PIPO,n,25,10,0:10,73,5,8.99,22.5,137.3,22.6
66,9/13/2023,PIPO,o,25,10,0:10,74,5,10.27,22.5,136,22.6
67,9/13/2023,PIPO,n,65,10,0:10,75,5,16.87,22.6,191.7,22.5
68,9/13/2023,PIPO,o,65,10,0:10,76,5,17.71,22.6,177,22.6
69,9/13/2023,PIPO,n,25,10,0:10,77,6,12.33,22.4,135.6,22.8
70,9/13/2023,PIPO,o,25,10,0:10,78,6,9.4,22.5,125.5,22.8
71,9/13/2023,PIPO,n,65,10,0:10,79,6,24.85,22.5,137.9,22.7
72,9/13/2023,PIPO,o,65,10,0:10,80,6,11.6,22.6,122.9,22.8
73,9/13/2023,PIPO,n,25,30,0:30,81,7,8.18,22.5,142.8,22.2
74,9/13/2023,PIPO,o,25,30,0:30,82,7,8.15,22.5,146.4,22.3
75,9/13/2023,PIPO,n,65,30,0:30,83,7,44.49,22.6,152.4,22.3
76,9/13/2023,PIPO,o,65,30,0:30,84,7,23.13,22.7,140.1,22.4
77,9/13/2023,PIPO,n,25,30,0:30,85,8,7.79,22.5,149,22.5
78,9/13/2023,PIPO,o,25,30,0:30,86,8,7.76,22.5,125.3,22.4
79,9/13/2023,PIPO,n,65,30,0:30,87,8,42.12,22.6,159,22.5
80,9/13/2023,PIPO,o,65,30,0:30,88,8,28.04,22.6,131.9,22.6
81,9/13/2023,PIPO,n,25,30,0:30,89,9,8.68,22.6,129.7,22.6
82,9/13/2023,PIPO,o,25,30,0:30,90,9,8.07,22.6,130.4,22.5
83,9/13/2023,PIPO,n,65,30,0:30,91,9,49.29,22.6,177.1,22.6
84,9/13/2023,PIPO,o,65,30,0:30,92,9,27.78,22.6,142,22.6
85,9/18/2023,PIPO,n,25,50,0:50,1,10,14.67,22.9,158.1,21.6
86,9/18/2023,PIPO,n,65,50,0:50,2,10,64.07,22.8,169.8,21.6
87,9/18/2023,PIPO,o,25,50,0:50,3,10,11.17,22.8,148.3,21.6
88,9/18/2023,PIPO,o,65,50,0:50,4,10,43.87,22.9,134.1,21.5
89,9/18/2023,PIPO,n,25,50,0:50,5,11,8.4,22.9,118.8,21.8
90,9/18/2023,PIPO,n,65,50,0:50,6,11,47.57,22.8,135,21.7
91,9/18/2023,PIPO,o,25,50,0:50,7,11,9.52,22.7,106.4,21.6
92,9/18/2023,PIPO,o,65,50,0:50,8,11,27.74,22.8,104.8,21.5
93,9/18/2023,PIPO,n,25,50,0:50,9,12,14.07,22.6,132.8,21.6
94,9/18/2023,PIPO,o,25,50,0:50,10,12,12.02,22.5,124.8,21.7
95,9/18/2023,PIPO,n,65,50,0:50,11,12,76.31,22.5,152,21.8
96,9/18/2023,PIPO,o,65,50,0:50,12,12,45.14,22.6,111.9,21.7
97,9/18/2023,PIPO,n,25,2,0:02,13,13,9.87,22.6,153.6,21.7
98,9/18/2023,PIPO,o,25,2,0:02,14,13,9.7,22.6,107.1,21.8
99,9/18/2023,PIPO,n,65,2,0:02,15,13,14.84,22.6,169.7,21.9
100,9/18/2023,PIPO,o,65,2,0:02,16,13,11.53,22.7,123.1,21.8
101,9/18/2023,PIPO,n,25,2,0:02,17,14,10.07,22.6,133.1,21.8
102,9/18/2023,PIPO,o,25,2,0:02,18,14,9.28,22.5,115.2,21.9
103,9/18/2023,PIPO,n,65,2,0:02,19,14,12.94,22.5,135.8,21.9
104,9/18/2023,PIPO,o,65,2,0:02,26,14,10.76,22.6,118.2,21.8
105,9/18/2023,PIPO,n,25,2,0:02,27,15,10.31,22.5,131.9,21.6
106,9/18/2023,PIPO,o,25,2,0:02,28,15,10.44,22.5,107.1,21.6
107,9/18/2023,PIPO,n,65,2,0:02,30,15,11.41,22.5,132.5,21.6
108,9/18/2023,PIPO,o,65,2,0:02,31,15,9.91,22.6,103.8,21.6
109,9/18/2023,PSME,n,25,50,0:50,32,13,8.07,22.5,113,21.3
110,9/18/2023,PSME,o,25,50,0:50,33,13,5.53,22.5,60.72,21.4
111,9/18/2023,PSME,n,65,50,0:50,34,13,58.1,22.6,114.5,21.5
112,9/18/2023,PSME,o,65,50,0:50,35,13,34.14,22.6,65.42,21.6
113,9/18/2023,PSME,n,25,50,0:50,36,14,6.22,22.5,95.07,21.6
114,9/18/2023,PSME,o,25,50,0:50,37,14,5.3,22.5,53.16,21.7
115,9/18/2023,PSME,n,65,50,0:50,39,14,59.86,22.6,112.4,21.6
116,9/18/2023,PSME,o,65,50,0:50,40,14,52.12,22.7,83.06,21.6
117,9/18/2023,PSME,n,25,50,0:50,41,15,4.05,22.6,53.81,21.6
118,9/18/2023,PSME,o,25,50,0:50,42,15,4.36,22.6,44.08,21.7
119,9/18/2023,PSME,n,65,50,0:50,43,15,29.31,22.7,55.76,21.6
120,9/18/2023,PSME,o,65,50,0:50,44,15,28.89,22.8,53.15,21.6
121,9/18/2023,PIPO,n,25,70,1:10,45,16,10.24,22.6,127.9,22
122,9/18/2023,PIPO,o,25,70,1:10,46,16,8.69,22.7,105.9,21.9
123,9/18/2023,PIPO,n,65,70,1:10,47,16,68.89,22.7,156.9,22
124,9/18/2023,PIPO,o,65,70,1:10,48,16,36.48,22.8,123.4,21.9
125,9/18/2023,PIPO,o,25,70,1:10,49,17,6.88,22.7,88.82,21.7
126,9/18/2023,PIPO,n,25,70,1:10,50,17,8.73,22.8,127.8,21.6
127,9/18/2023,PIPO,o,65,70,1:10,51,17,39.13,22.9,101.1,21.6
128,9/18/2023,PIPO,n,65,70,1:10,52,17,62.72,23,141.1,21.6
129,9/18/2023,PIPO,n,25,70,1:10,53,18,13.51,22.9,148.7,21.6
130,9/18/2023,PIPO,o,25,70,1:10,54,18,11.42,22.9,139.5,21.7
131,9/18/2023,PIPO,n,65,70,1:10,55,18,82.81,23,186.1,21.8
132,9/18/2023,PIPO,o,65,70,1:10,56,18,64.64,23.1,141,21.9
133,9/19/2023,PSME,n,25,5,0:05,58,16,5.87,21.3,81.09,21.8
134,9/19/2023,PSME,o,25,5,0:05,60,16,4.78,21.2,62.8,21.9
135,9/19/2023,PSME,n,60,5,0:05,61,16,12.96,21.3,95.23,22
136,9/19/2023,PSME,o,60,5,0:05,62,16,10.47,21.4,74.51,22.1
137,9/19/2023,PSME,n,25,5,0:05,63,17,6.69,21.5,65.47,22.1
138,9/19/2023,PSME,o,25,5,0:05,64,17,5.7,21.5,56.84,22
139,9/19/2023,PSME,n,60,5,0:05,65,17,11.33,21.4,70.42,22.1
140,9/19/2023,PSME,o,60,5,0:05,66,17,7.54,21.4,61.44,22.1
141,9/19/2023,PSME,n,25,5,0:05,67,18,9.01,21.4,93.79,21.8
142,9/19/2023,PSME,o,25,5,0:05,68,18,5.51,21.5,58.1,21.9
143,9/19/2023,PSME,n,60,5,0:05,69,18,14.98,21.6,100.3,21.8
144,9/19/2023,PSME,o,60,5,0:05,70,18,6,21.7,56.68,21.9
145,9/19/2023,PSME,n,25,10,0:10,71,19,10.68,21.5,89.3,21.9
146,9/19/2023,PSME,o,25,10,0:10,72,19,7.22,21.6,58.64,22
147,9/19/2023,PSME,n,60,10,0:10,73,19,13.62,21.6,92.47,21.9
148,9/19/2023,PSME,o,60,10,0:10,74,19,9.18,21.6,81.5,21.9
149,9/19/2023,PSME,n,25,10,0:10,75,20,6.63,21.7,79.6,21.8
150,9/19/2023,PSME,o,25,10,0:10,76,20,6.85,21.6,67.71,21.8
151,9/19/2023,PSME,n,60,10,0:10,77,20,11.74,21.5,94.81,21.8
152,9/19/2023,PSME,o,60,10,0:10,78,20,8.21,21.6,56.34,21.9
153,9/19/2023,PSME,n,25,10,0:10,79,21,5.66,21.5,67.05,21.7
154,9/19/2023,PSME,o,25,10,0:10,80,21,5.63,21.6,56.84,21.8
155,9/19/2023,PSME,n,60,10,0:10,81,21,14.41,21.7,88.25,21.7
156,9/19/2023,PSME,o,60,10,0:10,82,21,7.22,21.7,66.52,21.6
157,9/19/2023,PSME,n,25,20,0:20,83,22,7.79,21.5,70.74,21.6
158,9/19/2023,PSME,o,25,20,0:20,84,22,4.92,21.5,36.79,21.7
159,9/19/2023,PSME,n,60,20,0:20,85,22,18.68,21.5,96.56,21.7
160,9/19/2023,PSME,o,60,20,0:20,86,22,7.37,21.5,43.91,21.8
161,9/19/2023,PSME,n,25,20,0:20,87,23,7.15,21.6,68.5,21.5
162,9/19/2023,PSME,o,25,20,0:20,88,23,3.62,21.6,48.45,21.4
163,9/19/2023,PSME,n,60,20,0:20,89,23,30.25,21.5,91.04,21.4
164,9/19/2023,PSME,o,60,20,0:20,90,23,15.17,21.4,42.97,21.4
165,9/19/2023,PSME,n,25,20,0:20,91,24,7.15,21.5,55.16,21.5
166,9/19/2023,PSME,o,25,20,0:20,92,24,5.42,21.5,41.94,21.5
167,9/19/2023,PSME,n,60,20,0:20,93,24,18.77,21.6,68.66,21.4
168,9/19/2023,PSME,o,60,20,0:20,94,24,12.61,21.6,44.26,21.4
169,9/19/2023,PIPO,n,25,5,0:05,95,19,10.7,21.6,124.5,21.4
170,9/19/2023,PIPO,o,25,5,0:05,96,19,9.75,21.7,98.8,21.5
171,9/19/2023,PIPO,n,60,5,0:05,97,19,9.98,21.6,130.7,21.5
172,9/19/2023,PIPO,o,60,5,0:05,98,19,9.73,21.6,109.6,21.5
173,9/18/2023,PIPO,n,25,5,0:05,57,20,12.08,22.8,166.7,21.5
174,9/18/2023,PIPO,n,60,5,0:05,59,20,10.72,22.9,167.5,21.6
175,9/19/2023,PIPO,n,25,5,0:05,99,21,10.41,21.7,133.1,21.4
176,9/19/2023,PIPO,o,25,5,0:05,100,21,10.91,21.6,110.4,21.4
177,9/19/2023,PIPO,n,60,5,0:05,101,21,10.38,21.6,122.2,21.3
178,9/19/2023,PIPO,o,60,5,0:05,102,21,11.61,21.7,110.8,21.4
179,9/19/2023,PIPO,n,25,5,0:05,103,22,11.56,21.7,132.4,21.4
180,9/19/2023,PIPO,o,25,5,0:05,104,22,11.35,21.6,125.3,21.5
181,9/19/2023,PIPO,n,60,5,0:05,105,22,11.13,21.7,127.8,21.5
182,9/19/2023,PIPO,o,60,5,0:05,106,22,12.05,21.8,126.9,21.4
183,9/19/2023,PIPO,n,25,10,0:10,107,23,10.77,21.7,136.5,21.4
184,9/19/2023,PIPO,o,25,10,0:10,108,23,12.45,21.5,135.7,21.5
185,9/19/2023,PIPO,n,60,10,0:10,109,23,14.28,21.6,179.4,21.5
186,9/19/2023,PIPO,o,60,10,0:10,110,23,14.17,21.7,138.5,21.4
187,9/19/2023,PIPO,n,25,10,0:10,111,24,15.82,21.6,190.6,21.5
188,9/19/2023,PIPO,o,25,10,0:10,112,24,11.36,21.5,105.7,21.5
189,9/19/2023,PIPO,n,60,10,0:10,113,24,13.21,21.6,162.3,21.4
190,9/19/2023,PIPO,o,60,10,0:10,114,24,11.66,21.6,131.6,21.4
191,9/19/2023,PIPO,n,25,10,0:10,115,25,11.16,21.5,133.8,21.5
192,9/19/2023,PIPO,o,25,10,0:10,116,25,10.03,21.5,129.2,21.4
193,9/19/2023,PIPO,n,60,10,0:10,117,25,12.36,21.6,168.6,21.4
194,9/19/2023,PIPO,o,60,10,0:10,118,25,11.39,21.5,149.4,21.3
195,9/19/2023,PIPO,n,25,20,0:20,119,26,9.69,21.4,119.1,21.8
196,9/19/2023,PIPO,o,25,20,0:20,120,26,9.53,21.5,99.19,21.9
197,9/19/2023,PIPO,n,60,20,0:20,121,26,20.79,21.5,158.1,21.9
198,9/19/2023,PIPO,o,60,20,0:20,122,26,11.12,21.5,112.2,21.9
199,9/19/2023,PIPO,n,25,20,0:20,123,27,18.53,21.5,196.3,21.7
200,9/19/2023,PIPO,o,25,20,0:20,124,27,10.61,21.4,106.1,21.6
201,9/19/2023,PIPO,n,60,20,0:20,125,27,18.77,21.5,193.8,21.7
202,9/19/2023,PIPO,o,60,20,0:20,126,27,12.44,21.5,124.6,21.8
203,9/19/2023,PIPO,n,25,20,0:20,127,28,13.75,21.4,122,21.9
204,9/19/2023,PIPO,o,25,20,0:20,128,28,15.65,21.4,206.8,21.9
205,9/19/2023,PIPO,n,60,20,0:20,129,28,18.86,21.4,142.9,21.8
206,9/19/2023,PIPO,o,60,20,0:20,130,28,18.49,21.4,178.4,21.7
207,9/19/2023,PIPO,n,25,65,1:05,131,29,14.24,21.6,214.8,21.3
208,9/19/2023,PIPO,o,25,65,1:05,132,29,12.65,21.7,143.2,21.4
209,9/19/2023,PIPO,n,60,65,1:05,133,29,85.76,21.7,250.1,21.5
210,9/19/2023,PIPO,o,60,65,1:05,134,29,52.98,21.7,135.5,21.5
211,9/19/2023,PIPO,n,25,65,1:05,135,30,12.87,21.5,172,21.4
212,9/19/2023,PIPO,o,25,65,1:05,136,30,10.94,21.6,143,21.3
213,9/19/2023,PIPO,n,60,65,1:05,137,30,72.58,21.5,180.2,21.3
214,9/19/2023,PIPO,o,60,65,1:05,138,30,46.74,21.5,162,21.3
215,9/19/2023,PIPO,n,25,65,1:05,139,31,14.23,21.5,149.2,21.2
216,9/19/2023,PIPO,o,25,65,1:05,140,31,10.83,21.6,101.4,21.2
217,9/19/2023,PIPO,n,60,65,1:05,141,31,100.6,21.7,177.6,21.1
218,9/19/2023,PIPO,o,60,65,1:05,142,31,47.62,21.7,113.7,21.2
219,9/20/2023,PIPO,n,25,110,1:50,143,32,11.81,21.9,172.1,22.5
220,9/20/2023,PIPO,o,25,110,1:50,144,32,8.56,21.8,111.2,22.5
221,9/20/2023,PIPO,n,60,110,1:50,145,32,81.71,21.7,163.1,22.5
222,9/20/2023,PIPO,o,60,110,1:50,146,32,50.63,21.7,115.3,22.5
223,9/20/2023,PIPO,n,25,110,1:50,147,33,10.02,21.7,119.8,22.6
224,9/20/2023,PIPO,o,25,110,1:50,148,33,9.62,21.8,101,22.7
225,9/20/2023,PIPO,n,60,110,1:50,149,33,86.48,21.9,144.2,22.7
226,9/20/2023,PIPO,o,60,110,1:50,150,33,50.13,21.9,130.9,22.7
231,9/20/2023,PSME,n,25,65,1:05,155,25,11.99,22.2,113.2,22.7
232,9/20/2023,PSME,o,25,65,1:05,156,25,4.92,22.1,56.82,22.6
233,9/20/2023,PSME,n,60,65,1:05,157,25,86.18,22.2,120.7,22.5
234,9/20/2023,PSME,o,60,65,1:05,158,25,37.86,22.2,68.29,22.5
235,9/20/2023,PSME,n,25,65,1:05,159,26,5.95,22.2,57.11,22.4
236,9/20/2023,PSME,o,25,65,1:05,160,26,4.93,22.3,52.56,22.4
237,9/20/2023,PSME,n,60,65,1:05,161,26,39.47,22.4,63.76,22.5
238,9/20/2023,PSME,o,60,65,1:05,162,26,37.6,22.4,58.57,22.4
239,9/20/2023,PSME,n,25,65,1:05,163,27,6.79,22.4,87.6,22.4
240,9/20/2023,PSME,o,25,65,1:05,164,27,6.76,22.3,63.37,22.3
241,9/20/2023,PSME,n,60,65,1:05,165,27,71.8,22.3,112.4,22.4
242,9/20/2023,PSME,o,60,65,1:05,166,27,37.62,22.3,70.68,22.4
243,9/20/2023,PSME,n,25,110,1:50,167,28,13.29,22.3,97.42,22.5
244,9/20/2023,PSME,o,25,110,1:50,168,28,5.79,22.3,46.84,22.4
245,9/20/2023,PSME,n,60,110,1:50,169,28,77.53,22.3,119.9,22.4
246,9/20/2023,PSME,o,60,110,1:50,170,28,41.32,22.2,57.64,22.3
247,9/20/2023,PSME,n,25,110,1:50,171,29,7.14,22,73.3,22.3
248,9/20/2023,PSME,o,25,110,1:50,172,29,4.35,22.1,42.05,22.4
249,9/20/2023,PSME,n,60,110,1:50,173,29,54.62,22.2,96.15,22.5
250,9/20/2023,PSME,o,60,110,1:50,174,29,31.24,22.1,48.7,22.4
251,9/20/2023,PSME,n,25,110,1:50,175,30,5.8,22,67.93,22.4
252,9/20/2023,PSME,o,25,110,1:50,176,30,5.5,22.1,60.35,22.4
253,9/20/2023,PSME,n,60,110,1:50,177,30,35.3,22.2,62.02,22.4
254,9/20/2023,PSME,o,60,110,1:50,178,30,43.72,22.1,65.63,22.4
255,9/20/2023,PIPO,n,25,25,0:25,179,35,13.9,22,195.6,22.5
256,9/20/2023,PIPO,o,25,25,0:25,180,35,11.49,22.1,142.6,22.4
257,9/20/2023,PIPO,n,55,25,0:25,181,35,13.14,22,170.3,22.4
258,9/20/2023,PIPO,o,55,25,0:25,183,35,11.9,22,141.7,22.4
259,9/20/2023,PIPO,n,25,25,0:25,185,36,13.39,22,165.1,22.4
260,9/20/2023,PIPO,o,25,25,0:25,186,36,12.11,22,159.4,22.4
261,9/20/2023,PIPO,n,55,25,0:25,187,36,17.84,22.1,189.5,22.5
262,9/20/2023,PIPO,o,55,25,0:25,188,36,18.3,22.2,140.6,22.6
263,9/20/2023,PIPO,n,25,25,0:25,189,37,11.45,22.2,151.7,22.6
264,9/20/2023,PIPO,o,25,25,0:25,190,37,9.47,22.1,106,22.5
265,9/20/2023,PIPO,n,55,25,0:25,191,37,12.59,22.1,145.1,22.5
266,9/20/2023,PIPO,o,55,25,0:25,192,37,9.82,22,103.6,22.5
267,9/20/2023,PIPO,n,25,50,0:50,193,38,10.66,20.9,125.2,22.2
268,9/20/2023,PIPO,o,25,50,0:50,194,38,8.6,21,105.3,22.1
269,9/20/2023,PIPO,n,55,50,0:50,195,38,10.82,21,128,22.1
270,9/20/2023,PIPO,o,55,50,0:50,196,38,9.21,21,110,22
271,9/20/2023,PIPO,n,25,50,0:50,197,39,11.01,21,137.6,22
272,9/20/2023,PIPO,o,25,50,0:50,198,39,8.19,21,105.7,21.9
273,9/20/2023,PIPO,n,55,50,0:50,199,39,11.68,20.9,147.6,22
274,9/20/2023,PIPO,o,55,50,0:50,200,39,9.78,21,118.6,22
275,9/20/2023,PIPO,n,25,50,0:50,201,40,9.01,20.9,128,22.1
276,9/20/2023,PIPO,o,25,50,0:50,202,40,10.74,20.9,120.5,22
277,9/20/2023,PIPO,n,55,50,0:50,203,40,10.65,21,128.8,22
278,9/20/2023,PIPO,o,55,50,0:50,204,40,9.93,21,118,21.9
279,9/25/2023,PIPO,n,25,500,8:20,1,41,8.28,22.2,107,22.4
280,9/25/2023,PIPO,o,25,500,8:20,2,41,7.29,22.2,92.86,22.3
281,9/25/2023,PIPO,n,55,500,8:20,3,41,88.84,22.3,142.4,22.4
282,9/25/2023,PIPO,o,55,500,8:20,4,41,74.72,22.2,112.7,22.5
283,9/25/2023,PIPO,n,25,500,8:20,5,42,7.9,21.9,96.84,22.5
284,9/25/2023,PIPO,o,25,500,8:20,6,42,8.09,22,90.51,22.5
285,9/25/2023,PIPO,n,55,500,8:20,7,42,80.92,22.1,121.7,22.4
286,9/25/2023,PIPO,o,55,500,8:20,8,42,75.73,22.2,115.2,22.4
287,9/25/2023,PIPO,n,25,500,8:20,9,43,11.24,21.9,131.3,22.4
288,9/25/2023,PIPO,o,25,500,8:20,10,43,7.75,22,99.09,22.4
289,9/25/2023,PIPO,n,55,500,8:20,11,43,113,22.1,173.9,22.5
290,9/25/2023,PIPO,o,55,500,8:20,12,43,94.47,22.1,136.4,22.5
291,9/25/2023,PIPO,n,25,380,6:20,13,44,10.52,22,109.6,22
292,9/25/2023,PIPO,o,25,380,6:20,14,44,7.85,22,85.56,22
293,9/25/2023,PIPO,n,55,380,6:20,15,44,61.09,21.9,125.1,22.1
294,9/25/2023,PIPO,o,55,380,6:20,16,44,29.5,22,94.37,22.2
295,9/25/2023,PIPO,n,25,380,6:20,17,45,9.18,22,132.8,22.3
296,9/25/2023,PIPO,o,25,380,6:20,18,45,7.85,22.1,138.5,22.2
297,9/25/2023,PIPO,n,55,380,6:20,19,45,84.57,22,150.4,22.1
298,9/25/2023,PIPO,o,55,380,6:20,26,45,41.93,21.9,143.6,22
299,9/25/2023,PIPO,n,25,380,6:20,27,46,8.5,22,104.1,22.1
300,9/25/2023,PIPO,o,25,380,6:20,28,46,8.68,22.1,104.7,22.2
301,9/25/2023,PIPO,n,55,380,6:20,30,46,43.14,22.1,129,22.2
302,9/25/2023,PIPO,o,55,380,6:20,31,46,58.61,22.1,134.3,22.1
303,9/25/2023,PIPO,n,25,160,2:40,32,47,7.4,22.1,96.79,21.9
304,9/25/2023,PIPO,o,25,160,2:40,33,47,7.51,22.1,88.34,22
305,9/25/2023,PIPO,n,55,160,2:40,34,47,29.9,22.2,107.7,22.1
306,9/25/2023,PIPO,o,55,160,2:40,35,47,10.68,22.1,85.76,22.2
307,9/25/2023,PIPO,n,25,160,2:40,36,48,9.1,22.2,107.4,22.2
308,9/25/2023,PIPO,o,25,160,2:40,37,48,7.03,22.1,76.6,22.1
309,9/25/2023,PIPO,n,55,160,2:40,39,48,16.48,22.1,108.3,22
310,9/25/2023,PIPO,o,55,160,2:40,40,48,9.96,22.1,81.81,22.1
311,9/25/2023,PIPO,n,25,160,2:40,41,49,12.01,21.9,142.4,22.2
312,9/25/2023,PIPO,o,25,160,2:40,42,49,8.52,22,118.3,22.2
313,9/25/2023,PIPO,n,55,160,2:40,43,49,22.73,21.9,123,22.2
314,9/25/2023,PIPO,o,55,160,2:40,44,49,13.33,22,114.5,22.1
315,9/25/2023,PSME,n,25,160,2:40,45,31,10.02,21.6,95.38,21.9
316,9/25/2023,PSME,o,25,160,2:40,46,31,5.06,21.7,50.42,21.8
317,9/25/2023,PSME,n,55,160,2:40,47,31,46.68,21.7,85.27,21.9
318,9/25/2023,PSME,o,55,160,2:40,48,31,9.49,21.7,40.2,21.9
319,9/25/2023,PSME,n,25,160,2:40,49,32,3.9,21.7,58.87,22
320,9/25/2023,PSME,o,25,160,2:40,50,32,3.84,21.8,48.25,22
321,9/25/2023,PSME,n,55,160,2:40,51,32,27.57,21.8,78.92,21.9
322,9/25/2023,PSME,o,55,160,2:40,52,32,5.55,21.8,47.51,21.9
323,9/25/2023,PSME,n,25,160,2:40,53,33,7.84,21.9,95.87,22
324,9/25/2023,PSME,o,25,160,2:40,54,33,3.94,21.9,45.78,21.9
325,9/25/2023,PSME,n,55,160,2:40,55,33,34.9,21.8,101.8,21.9
326,9/25/2023,PSME,o,55,160,2:40,56,33,5.72,21.9,46.83,22
327,9/25/2023,PSME,n,25,50,0:50,57,34,9.97,21.9,99.66,21.8
328,9/25/2023,PSME,o,25,50,0:50,58,34,5.77,21.9,58.38,21.7
329,9/25/2023,PSME,n,55,50,0:50,59,34,9.49,21.9,74.82,21.8
330,9/25/2023,PSME,o,55,50,0:50,60,34,8.08,22,55.73,21.8
331,9/25/2023,PSME,n,25,50,0:50,61,35,9.22,21.9,83.41,21.8
332,9/25/2023,PSME,o,25,50,0:50,62,35,4.05,21.9,43.53,21.8
333,9/25/2023,PSME,n,55,50,0:50,63,35,18.64,21.9,103.5,21.8
334,9/25/2023,PSME,o,55,50,0:50,64,35,4.87,22,42.39,21.8
335,9/25/2023,PSME,n,25,50,0:50,65,36,10.43,21.8,92.44,21.8
336,9/25/2023,PSME,o,25,50,0:50,66,36,7.18,21.9,76.49,21.8
337,9/25/2023,PSME,n,55,50,0:50,67,36,12.44,21.9,109.7,21.8
338,9/25/2023,PSME,o,55,50,0:50,68,36,5.52,21.9,66.36,21.8
339,9/25/2023,PSME,n,25,25,0:25,69,37,6.64,21.9,64.81,21.7
340,9/25/2023,PSME,o,25,25,0:25,70,37,6.71,21.9,62.71,21.8
341,9/25/2023,PSME,n,55,25,0:25,71,37,9.7,21.9,92.77,21.7
342,9/25/2023,PSME,o,55,25,0:25,72,37,6.24,22,69.15,21.7
343,9/25/2023,PSME,n,25,25,0:25,73,38,6.3,22,70.74,21.7
344,9/25/2023,PSME,o,25,25,0:25,74,38,3.46,21.9,44.88,21.7
345,9/25/2023,PSME,n,55,25,0:25,75,38,9.17,22,72.96,21.7
346,9/25/2023,PSME,o,55,25,0:25,76,38,5.18,22,44.45,21.7
347,9/25/2023,PSME,n,25,25,0:25,77,39,8.4,22,68.5,21.7
348,9/25/2023,PSME,o,25,25,0:25,78,39,5.21,22,51.07,21.7
349,9/25/2023,PSME,n,55,25,0:25,79,39,9.89,22,81.38,21.8
350,9/25/2023,PSME,o,55,25,0:25,80,39,4.66,22.1,46.04,21.9
351,9/25/2023,PSME,n,25,10,0:10,81,40,6.86,22.1,79.24,21.9
352,9/25/2023,PSME,o,25,10,0:10,82,40,6.4,22,69.92,22
353,9/25/2023,PSME,n,55,10,0:10,83,40,11.1,22,97.72,22
354,9/25/2023,PSME,o,55,10,0:10,84,40,6.68,21.9,58.73,22.1
355,9/25/2023,PSME,n,25,10,0:10,85,41,4.46,22,64.05,22.1
356,9/25/2023,PSME,o,25,10,0:10,86,41,4.08,21.9,44.9,22
357,9/25/2023,PSME,n,55,10,0:10,87,41,5.99,22,68.31,22
358,9/25/2023,PSME,o,55,10,0:10,88,41,4.51,21.9,52.03,22.1
359,9/25/2023,PSME,n,25,10,0:10,89,42,8.41,22,87.89,22.1
360,9/25/2023,PSME,o,25,10,0:10,90,42,4.44,21.9,50.36,22
361,9/25/2023,PSME,n,55,10,0:10,91,42,8.8,22,95.39,21.9
362,9/25/2023,PSME,o,55,10,0:10,92,42,5.22,22,54,22
363,9/26/2023,PSME,n,25,380,6:20,93,43,4.22,21.5,63.22,22.6
364,9/26/2023,PSME,o,25,380,6:20,94,43,5.05,21.6,50.56,22.7
365,9/26/2023,PSME,n,55,380,6:20,95,43,45.35,21.7,76.88,22.7
366,9/26/2023,PSME,o,55,380,6:20,96,43,49.01,21.7,66.43,22.6
367,9/26/2023,PSME,n,25,380,6:20,97,44,4.62,21.7,86.17,22.5
368,9/26/2023,PSME,o,25,380,6:20,98,44,3.5,21.6,50.14,22.4
369,9/26/2023,PSME,n,55,380,6:20,99,44,84.48,21.5,101.2,22.5
370,9/26/2023,PSME,o,55,380,6:20,100,44,35.85,21.5,53.79,22.5
371,9/26/2023,PSME,n,25,380,6:20,101,45,9.6,21.8,98.22,22.5
372,9/26/2023,PSME,o,25,380,6:20,102,45,4.28,21.9,39.63,22.5
373,9/26/2023,PSME,n,55,380,6:20,103,45,59.46,22,99.79,22.5
374,9/26/2023,PSME,o,55,380,6:20,104,45,18.17,22.1,40.58,22.5
375,9/26/2023,PIPO,n,25,1375,22:55,105,50,10.8,21.7,129.3,22.5
376,9/26/2023,PIPO,o,25,1375,22:55,106,50,9.58,21.8,104.6,22.6
377,9/26/2023,PIPO,n,50,1375,22:55,107,50,94.8,21.9,155.3,22.6
378,9/26/2023,PIPO,o,50,1375,22:55,108,50,69.42,21.9,135.2,22.6
379,9/26/2023,PIPO,n,25,1375,22:55,109,51,10.37,21.8,138,22.6
380,9/26/2023,PIPO,o,25,1375,22:55,110,51,7.77,21.9,88.4,22.5
381,9/26/2023,PIPO,n,50,1375,22:55,111,51,79.44,21.8,161.9,22.5
382,9/26/2023,PIPO,o,50,1375,22:55,112,51,63.85,21.8,108.8,22.6
383,9/26/2023,PIPO,n,25,1375,22:55,113,52,9.59,21.8,129.4,22.5
384,9/26/2023,PIPO,o,25,1375,22:55,114,52,10.09,21.8,121.8,22.5
385,9/26/2023,PIPO,n,50,1375,22:55,115,52,67.76,21.8,165.2,22.5
386,9/26/2023,PIPO,o,50,1375,22:55,116,52,59.97,21.8,131.7,22.5
387,9/26/2023,PSME,n,25,1375,22:55,117,46,3.95,21.7,69.33,22.4
388,9/26/2023,PSME,o,25,1375,22:55,118,46,3.91,21.7,50.64,22.5
389,9/26/2023,PSME,n,50,1375,22:55,119,46,45.97,21.8,81.46,22.6
390,9/26/2023,PSME,o,50,1375,22:55,120,46,13.43,21.8,57.41,22.5
391,9/26/2023,PSME,n,25,1375,22:55,121,47,4.19,21.8,71.26,22.5
392,9/26/2023,PSME,o,25,1375,22:55,122,47,4.03,21.8,47.1,22.4
393,9/26/2023,PSME,n,50,1375,22:55,123,47,57.8,21.7,92.34,22.4
394,9/26/2023,PSME,o,50,1375,22:55,124,47,18.55,21.7,42.02,22.3
395,9/26/2023,PSME,n,25,1375,22:55,125,48,5.24,21.7,92.62,22.4
396,9/26/2023,PSME,o,25,1375,22:55,126,48,3.46,21.7,47.86,22.4
397,9/26/2023,PSME,n,50,1375,22:55,127,48,36.15,21.8,82.21,22.4
398,9/26/2023,PSME,o,50,1375,22:55,128,48,19.91,21.7,50.8,22.4
399,9/26/2023,PIPO,n,25,500,8:20,129,53,8.4,21.5,104.5,22.4
400,9/26/2023,PIPO,o,25,500,8:20,130,53,9.64,21.6,121.4,22.4
401,9/26/2023,PIPO,n,50,500,8:20,131,53,11.54,21.7,106.5,22.4
402,9/26/2023,PIPO,o,50,500,8:20,132,53,13.74,21.8,148.4,22.3
403,9/26/2023,PIPO,n,25,500,8:20,133,54,11.51,21.9,134.5,22.4
404,9/26/2023,PIPO,o,25,500,8:20,134,54,9.93,21.9,102.6,22.4
405,9/26/2023,PIPO,n,50,500,8:20,135,54,18.79,21.8,132.7,22.3
406,9/26/2023,PIPO,o,50,500,8:20,136,54,12.19,21.7,104.3,22.3
407,9/26/2023,PIPO,n,25,500,8:20,137,55,10.55,21.8,108.4,22.4
408,9/26/2023,PIPO,o,25,500,8:20,138,55,7.8,21.8,77.55,22.3
409,9/26/2023,PIPO,n,50,500,8:20,139,55,13.24,21.8,110.4,22.3
410,9/26/2023,PIPO,o,50,500,8:20,140,55,8.97,21.9,87.24,22.3
411,9/26/2023,PSME,n,25,500,8:20,141,49,4.16,21.6,75.85,22.2
412,9/26/2023,PSME,o,25,500,8:20,142,49,2.96,21.6,34.98,22.3
413,9/26/2023,PSME,n,50,500,8:20,143,49,5.68,21.7,47.49,22.2
414,9/26/2023,PSME,o,50,500,8:20,144,49,6.25,21.8,82.39,22.2
415,9/26/2023,PSME,n,25,500,8:20,145,50,4.56,21.8,73,22.2
416,9/26/2023,PSME,o,25,500,8:20,146,50,2.82,21.9,43.42,22.1
417,9/26/2023,PSME,n,50,500,8:20,147,50,7.81,21.8,77.47,22
418,9/26/2023,PSME,o,50,500,8:20,148,50,4.67,21.7,44.29,22.1
419,9/26/2023,PSME,n,25,500,8:20,149,51,4.52,21.8,76.99,22.1
420,9/26/2023,PSME,o,25,500,8:20,150,51,2.86,21.8,46.37,22.2
421,9/26/2023,PSME,n,50,500,8:20,151,51,7.03,21.9,69.85,22.1
422,9/26/2023,PSME,o,50,500,8:20,152,51,4.89,22,48.13,22.2
423,9/26/2023,PIPO,n,25,250,4:10,153,56,9.17,21.9,134.1,21.9
424,9/26/2023,PIPO,o,25,250,4:10,154,56,9.12,22,107.4,22
425,9/26/2023,PIPO,n,50,250,4:10,155,56,14.8,22.1,138.2,22.1
426,9/26/2023,PIPO,o,50,250,4:10,156,56,10.05,22.2,102.5,22.2
427,9/26/2023,PIPO,n,25,250,4:10,157,57,9.22,22.3,112.1,22.2
428,9/26/2023,PIPO,o,25,250,4:10,158,57,9.95,22.2,105.1,22.2
429,9/26/2023,PIPO,n,50,250,4:10,159,57,9.82,22.2,114.7,22.1
430,9/26/2023,PIPO,o,50,250,4:10,160,57,9.56,22.2,90.55,22
431,9/26/2023,PIPO,n,25,250,4:10,161,58,10.25,22.1,125.6,22.1
432,9/26/2023,PIPO,o,25,250,4:10,162,58,9.94,22.2,121.3,22.1
433,9/26/2023,PIPO,n,50,250,4:10,163,58,14.22,22.2,145.9,22.1
434,9/26/2023,PIPO,o,50,250,4:10,164,58,11.36,22.3,121.5,22.1
435,9/27/2023,PSME,n,25,250,4:10,187,52,9.38,22.5,95.82,22.8
436,9/27/2023,PSME,o,25,250,4:10,188,52,5.11,22.5,52.76,22.8
437,9/27/2023,PSME,n,50,250,4:10,189,52,12.49,22.6,98.05,22.8
438,9/27/2023,PSME,o,50,250,4:10,190,52,5.68,22.7,58.47,22.9
439,9/27/2023,PSME,n,25,250,4:10,165,53,6.91,22.7,109.5,22.3
440,9/27/2023,PSME,o,25,250,4:10,166,53,4.24,22.6,52.61,22.2
441,9/27/2023,PSME,n,50,250,4:10,167,53,10.51,22.7,114.1,22.3
442,9/27/2023,PSME,o,50,250,4:10,168,53,6.13,22.7,59.83,22.3
443,9/27/2023,PSME,n,25,250,4:10,169,54,6.15,22.6,92.61,22.2
444,9/27/2023,PSME,o,25,250,4:10,170,54,3.56,22.7,45.59,22.3
445,9/27/2023,PSME,n,50,250,4:10,171,54,7.29,22.8,81.04,22.4
446,9/27/2023,PSME,o,50,250,4:10,172,54,4.24,22.9,46.77,22.4
447,9/27/2023,PSME,n,25,250,4:10,173,55,5.2,22.7,94.05,22.5
448,9/27/2023,PSME,o,25,250,4:10,174,55,5.03,22.8,58.61,22.6
449,9/27/2023,PSME,n,50,250,4:10,175,55,6.32,22.7,93.42,22.6
450,9/27/2023,PSME,o,50,250,4:10,176,55,5.17,22.8,58.55,22.6
451,9/27/2023,PSME,n,25,100,1:40,177,56,3.78,22.4,55.26,22.7
452,9/27/2023,PSME,o,25,100,1:40,178,56,3.7,22.4,39.04,22.8
453,9/27/2023,PSME,n,50,100,1:40,179,56,4.48,22.4,55.18,22.7
454,9/27/2023,PSME,o,50,100,1:40,180,56,4.2,22.4,35.62,22.8
455,9/27/2023,PSME,n,25,100,1:40,181,57,6.26,22.5,85.21,22.9
456,9/27/2023,PSME,o,25,100,1:40,183,57,4.89,22.5,63.96,23
457,9/27/2023,PSME,n,50,100,1:40,185,57,7.31,22.4,70.6,22.9
458,9/27/2023,PSME,o,50,100,1:40,186,57,6.15,22.5,61.92,23
459,9/27/2023,PIPO,n,25,3125,52:05:00,191,59,9.74,22.7,138.4,22.8
460,9/27/2023,PIPO,o,25,3125,52:05:00,192,59,9.72,22.8,116.3,22.9
461,9/27/2023,PIPO,n,50,3125,52:05:00,193,59,58.33,22.8,133,22.9
462,9/27/2023,PIPO,o,50,3125,52:05:00,194,59,59.11,22.9,98.32,23
463,9/27/2023,PIPO,n,25,3125,52:05:00,195,60,10.31,23,145.7,22.9
464,9/27/2023,PIPO,o,25,3125,52:05:00,196,60,7.72,23,88.41,22.8
465,9/27/2023,PIPO,n,50,3125,52:05:00,197,60,71.58,22.9,136.6,22.9
466,9/27/2023,PIPO,o,50,3125,52:05:00,198,60,49.26,22.8,78.71,22.9
467,9/27/2023,PIPO,n,25,3125,52:05:00,199,61,9.33,23.1,109.2,22.9
468,9/27/2023,PIPO,o,25,3125,52:05:00,200,61,9.58,23.2,103.9,23
469,9/27/2023,PIPO,n,50,3125,52:05:00,201,61,61.68,23.2,109.2,23
470,9/27/2023,PIPO,o,50,3125,52:05:00,202,61,81.65,23.3,108.9,23.1
471,9/27/2023,PIPO,n,25,2250,37:30:00,203,62,8.67,23.1,119.8,23
472,9/27/2023,PIPO,o,25,2250,37:30:00,204,62,9.63,23.2,132.2,23.1
473,9/27/2023,PIPO,n,50,2250,37:30:00,75,62,56.48,23.2,132.3,23.2
474,9/27/2023,PIPO,o,50,2250,37:30:00,76,62,94.97,23.1,141,23.1
475,9/27/2023,PIPO,n,25,2250,37:30:00,77,63,9.63,23.1,153.1,23.2
476,9/27/2023,PIPO,o,25,2250,37:30:00,78,63,7.53,23.1,113.8,23.1
477,9/27/2023,PIPO,n,50,2250,37:30:00,79,63,79.27,23,143.9,23.1
478,9/27/2023,PIPO,o,50,2250,37:30:00,80,63,56.75,23.1,99.88,23
479,9/27/2023,PIPO,n,25,2250,37:30:00,81,64,7.71,23.7,114.7,23
480,9/27/2023,PIPO,o,25,2250,37:30:00,82,64,7.38,23.8,86.87,23
481,9/27/2023,PIPO,n,50,2250,37:30:00,83,64,100.5,23.9,145.3,23
482,9/27/2023,PIPO,o,50,2250,37:30:00,84,64,99.94,24,123.5,22.9
483,10/2/2023,PSME,n,25,10200,2:50:00,1,58,5.99,21.4,65.55,22.1
484,10/2/2023,PSME,o,25,10200,2:50:00,2,58,4.27,21.5,53.85,22.1
485,10/2/2023,PSME,n,45,10200,2:50:00,3,58,33.13,21.6,65.56,22
486,10/2/2023,PSME,o,45,10200,2:50:00,4,58,37.41,21.5,54.4,22
487,10/2/2023,PSME,n,25,10200,2:50:00,5,59,5.48,21.7,84.28,21.8
488,10/2/2023,PSME,o,25,10200,2:50:00,6,59,4.32,21.7,59.86,21.9
489,10/2/2023,PSME,n,45,10200,2:50:00,7,59,54.31,21.6,83.61,22
490,10/2/2023,PSME,o,45,10200,2:50:00,8,59,32.38,21.5,58.98,22.1
491,10/2/2023,PSME,n,25,10200,2:50:00,9,60,4.77,21.9,64.99,22
492,10/2/2023,PSME,o,25,10200,2:50:00,10,60,4.65,21.9,42.04,22.1
493,10/2/2023,PSME,n,45,10200,2:50:00,11,60,37.08,21.9,58.7,22.2
494,10/2/2023,PSME,o,45,10200,2:50:00,12,60,29.38,21.8,45.52,22.1
496,10/2/2023,PIPO,o,25,10200,2:50:00,14,65,10.25,21.9,91.46,22.1
498,10/2/2023,PIPO,o,45,10200,2:50:00,16,65,72.79,21.8,111.3,22
499,10/2/2023,PIPO,n,25,10200,2:50:00,17,66,9.43,21.8,91.72,22.1
500,10/2/2023,PIPO,o,25,10200,2:50:00,18,66,8.61,21.9,78.37,22.1
501,10/2/2023,PIPO,n,45,10200,2:50:00,19,66,54.12,21.9,108,22.2
502,10/2/2023,PIPO,o,45,10200,2:50:00,26,66,37.94,21.9,84.44,22.1
503,10/2/2023,PIPO,n,25,10200,2:50:00,27,67,9.49,21.9,83.12,22.1
504,10/2/2023,PIPO,o,25,10200,2:50:00,28,67,9.16,21.9,74.99,22.1
505,10/2/2023,PIPO,n,45,10200,2:50:00,30,67,47.15,21.8,82.06,22.2
506,10/2/2023,PIPO,o,45,10200,2:50:00,31,67,52.46,21.8,77.4,22.1
507,10/2/2023,PIPO,n,25,6000,1:40:00,32,68,8.33,21.3,81.16,21.8
508,10/2/2023,PIPO,o,25,6000,1:40:00,33,68,8.2,21.4,73,21.7
509,10/2/2023,PIPO,n,45,6000,1:40:00,34,68,41.15,21.5,94.13,21.7
510,10/2/2023,PIPO,o,45,6000,1:40:00,35,68,51.87,21.6,83.74,21.7
511,10/2/2023,PIPO,n,25,6000,1:40:00,36,69,8.73,21.6,96.82,21.7
512,10/2/2023,PIPO,o,25,6000,1:40:00,37,69,8.65,21.7,84.2,21.6
513,10/2/2023,PIPO,n,45,6000,1:40:00,39,69,59.59,21.7,108.1,21.7
514,10/2/2023,PIPO,o,45,6000,1:40:00,40,69,48.43,21.8,93.12,21.6
515,10/2/2023,PIPO,n,25,6000,1:40:00,41,70,8.56,21.7,84.86,22
516,10/2/2023,PIPO,o,25,6000,1:40:00,42,70,10.81,21.8,96.85,22
517,10/2/2023,PIPO,n,45,6000,1:40:00,43,70,50.36,21.8,92.36,21.9
518,10/2/2023,PIPO,o,45,6000,1:40:00,44,70,59.82,21.8,97.53,21.9
519,10/3/2023,PIPO,n,25,10200,2:50:00,45,71,7.86,21.9,93.21,21.9
521,10/3/2023,PIPO,n,45,10200,2:50:00,47,71,45.09,22.1,95.69,21.9
523,10/3/2023,PSME,n,25,500,8:20,49,61,4.84,21.7,76.79,22.2
524,10/3/2023,PSME,o,25,500,8:20,50,61,3.14,21.7,38.52,22.3
525,10/3/2023,PSME,n,45,500,8:20,51,61,5.18,21.5,74.32,22.3
526,10/3/2023,PSME,o,45,500,8:20,52,61,3.89,21.6,37.68,22.4
527,10/3/2023,PSME,n,25,500,8:20,53,62,4.36,21.6,56.45,22.5
528,10/3/2023,PSME,o,25,500,8:20,54,62,4.84,21.5,52.21,22.5
529,10/3/2023,PSME,n,45,500,8:20,55,62,4.88,21.6,61.46,22.6
530,10/3/2023,PSME,o,45,500,8:20,56,62,4.59,21.6,50.39,22.5
531,10/3/2023,PSME,n,25,500,8:20,57,63,10.03,21.6,81.48,22.5
532,10/3/2023,PSME,o,25,500,8:20,58,63,6.35,21.7,59.75,22.7
533,10/3/2023,PSME,n,45,500,8:20,59,63,6.98,21.6,84.15,22.6
534,10/3/2023,PSME,o,45,500,8:20,60,63,5,21.5,56.98,22.5
535,10/3/2023,PSME,n,25,4750,1:19:10,61,64,3.76,21.7,64.34,22.5
536,10/3/2023,PSME,o,25,4750,1:19:10,62,64,3.94,21.7,54.34,22.5
537,10/3/2023,PSME,n,45,4750,1:19:10,63,64,12.65,21.8,63.41,22.5
538,10/3/2023,PSME,o,45,4750,1:19:10,64,64,42.72,21.7,68.23,22.4
539,10/3/2023,PSME,n,25,4750,1:19:10,65,65,6.36,21.8,85.71,22.2
540,10/3/2023,PSME,o,25,4750,1:19:10,66,65,4.26,21.9,61.17,22.3
541,10/3/2023,PSME,n,45,4750,1:19:10,67,65,34.34,22,82.53,22.4
542,10/3/2023,PSME,o,45,4750,1:19:10,68,65,23.17,22.1,67.81,22.5
543,10/3/2023,PSME,n,25,4750,1:19:10,69,66,7.45,22.1,90.27,22.4
544,10/3/2023,PSME,o,25,4750,1:19:10,70,66,5.06,22,53.32,22.3
545,10/3/2023,PSME,n,45,4750,1:19:10,71,66,48.09,22,95.63,22.4
546,10/3/2023,PSME,o,45,4750,1:19:10,72,66,24.43,22,58.63,22.4
547,10/3/2023,PIPO,n,25,4750,1:19:10,73,72,7.07,21.9,81.74,22.4
548,10/3/2023,PIPO,o,25,4750,1:19:10,74,72,7.01,22,82.87,22.3
549,10/3/2023,PIPO,n,45,4750,1:19:10,75,72,56.76,22,97.21,22.2
550,10/3/2023,PIPO,o,45,4750,1:19:10,76,72,48.31,22,93,22.2
551,10/3/2023,PIPO,n,25,4750,1:19:10,77,73,7.45,21.9,84.1,22.3
552,10/3/2023,PIPO,o,25,4750,1:19:10,78,73,7.07,21.9,75.25,22.4
553,10/3/2023,PIPO,n,45,4750,1:19:10,79,73,39.42,22,93.23,22.5
554,10/3/2023,PIPO,o,45,4750,1:19:10,80,73,40.51,22,86.9,22.5
555,10/3/2023,PIPO,n,25,4750,1:19:10,81,74,8.12,22,98,22.4
556,10/3/2023,PIPO,o,25,4750,1:19:10,82,74,8.41,22,98.12,22.4
557,10/3/2023,PIPO,n,45,4750,1:19:10,83,74,45.49,21.9,105.8,22.3
558,10/3/2023,PIPO,o,45,4750,1:19:10,84,74,30.47,21.9,94.15,22.2
559,10/3/2023,PIPO,n,25,3500,58:20:00,85,75,8.47,21.9,101,22.4
560,10/3/2023,PIPO,o,25,3500,58:20:00,86,75,8.03,22,90.26,22.3
561,10/3/2023,PIPO,n,45,3500,58:20:00,87,75,43.63,21.9,108,22.3
562,10/3/2023,PIPO,o,45,3500,58:20:00,88,75,27.61,21.9,96.37,22.3
563,10/3/2023,PIPO,n,25,3500,58:20:00,89,76,8.34,21.8,101,22.2
564,10/3/2023,PIPO,o,25,3500,58:20:00,90,76,8.9,21.9,91.31,22.2
565,10/3/2023,PIPO,n,45,3500,58:20:00,91,76,34.49,22,113.4,22.3
566,10/3/2023,PIPO,o,45,3500,58:20:00,92,76,20.93,22.1,93.08,22.4
567,10/3/2023,PIPO,n,25,3500,58:20:00,93,77,6.81,22.2,98.16,22.5
568,10/3/2023,PIPO,o,25,3500,58:20:00,94,77,9.01,22.2,91.41,22.5
569,10/3/2023,PIPO,n,45,3500,58:20:00,95,77,29.14,22.2,103.5,22.4
570,10/3/2023,PIPO,o,45,3500,58:20:00,96,77,23.44,22.1,91.35,22.5
571,10/3/2023,PSME,n,25,6000,1:40:00,97,67,6.15,21.9,97.59,21.9
572,10/3/2023,PSME,o,25,6000,1:40:00,98,67,3.21,21.9,43.27,22
573,10/3/2023,PSME,n,45,6000,1:40:00,99,67,33.5,22,100.5,22.1
574,10/3/2023,PSME,o,45,6000,1:40:00,100,67,23.14,22.1,47.52,22
575,10/3/2023,PSME,n,25,6000,1:40:00,101,68,5.17,22.4,71.2,22
576,10/3/2023,PSME,o,25,6000,1:40:00,102,68,5.13,22.5,48.49,21.9
577,10/3/2023,PSME,n,45,6000,1:40:00,103,68,43.18,22.6,83.91,21.9
578,10/3/2023,PSME,o,45,6000,1:40:00,104,68,37.6,22.7,53.18,22
579,10/3/2023,PSME,n,25,6000,1:40:00,105,69,6.04,22.8,80.59,22
580,10/3/2023,PSME,o,25,6000,1:40:00,106,69,3.76,22.9,52.82,22
581,10/3/2023,PSME,n,45,6000,1:40:00,107,69,47.46,22.8,89.9,21.9
582,10/3/2023,PSME,o,45,6000,1:40:00,108,69,26.93,22.7,59.19,21.9
583,10/4/2023,PSME,n,25,3500,58:20:00,109,70,3.96,22.5,52.79,22.7
584,10/4/2023,PSME,o,25,3500,58:20:00,110,70,3.89,22.4,50.52,22.6
585,10/4/2023,PSME,n,45,3500,58:20:00,111,70,11.98,22.5,54.21,22.5
586,10/4/2023,PSME,o,45,3500,58:20:00,112,70,7.03,22.5,52.86,22.4
587,10/4/2023,PSME,n,25,3500,58:20:00,113,71,4.35,22.3,67.22,22.3
588,10/4/2023,PSME,o,25,3500,58:20:00,114,71,4.69,22.2,52.03,22.4
589,10/4/2023,PSME,n,45,3500,58:20:00,115,71,9.37,22.2,68.94,22.3
590,10/4/2023,PSME,o,45,3500,58:20:00,116,71,5.53,22.2,54.33,22.3
591,10/4/2023,PSME,n,25,3500,58:20:00,117,72,4.45,22.4,60.09,22.6
592,10/4/2023,PSME,o,25,3500,58:20:00,118,72,4.84,22.4,57.8,22.5
593,10/4/2023,PSME,n,45,3500,58:20:00,119,72,4.26,22.5,49.49,22.4
594,10/4/2023,PSME,o,45,3500,58:20:00,120,72,11.45,22.4,54.43,22.3
595,10/4/2023,PIPO,n,25,2250,37:30:00,121,78,8.69,22.4,80.44,22.1
596,10/4/2023,PIPO,o,25,2250,37:30:00,122,78,7.63,22.3,70.48,22.2
597,10/4/2023,PIPO,n,45,2250,37:30:00,123,78,16.73,22.4,77.29,22.3
598,10/4/2023,PIPO,o,45,2250,37:30:00,124,78,13.19,22.4,73.3,22.2
599,10/4/2023,PIPO,n,25,2250,37:30:00,125,79,7.73,22.5,83.98,22.3
600,10/4/2023,PIPO,o,25,2250,37:30:00,126,79,7.54,22.5,79.9,22.2
601,10/4/2023,PIPO,n,45,2250,37:30:00,127,79,16.09,22.6,91.3,22.3
602,10/4/2023,PIPO,o,45,2250,37:30:00,128,79,10.75,22.5,86.64,22.3
603,10/4/2023,PIPO,n,25,2250,37:30:00,129,80,6.67,22.4,108.5,22
604,10/4/2023,PIPO,o,25,2250,37:30:00,130,80,8.65,22.4,110.4,22.1
605,10/4/2023,PIPO,n,45,2250,37:30:00,131,80,41.7,22.4,125.1,22.1
606,10/4/2023,PIPO,o,45,2250,37:30:00,132,80,18.86,22.5,110.5,22.1
607,10/4/2023,PIPO,n,25,1000,16:40,133,81,7.14,22.6,86.67,22.2
608,10/4/2023,PIPO,o,25,1000,16:40,134,81,6.98,22.6,67.82,22.1
609,10/4/2023,PIPO,n,45,1000,16:40,135,81,6.9,22.6,85.01,22
610,10/4/2023,PIPO,o,45,1000,16:40,136,81,6.95,22.5,71.74,22
611,10/4/2023,PIPO,n,25,1000,16:40,137,82,9.63,22.6,85.82,21.9
612,10/4/2023,PIPO,o,25,1000,16:40,138,82,8.78,22.5,96.31,21.9
613,10/4/2023,PIPO,n,45,1000,16:40,139,82,9.46,22.6,90.57,22
614,10/4/2023,PIPO,o,45,1000,16:40,140,82,9.06,22.5,97.48,22
615,10/4/2023,PIPO,n,25,1000,16:40,141,83,5.9,22.5,84.63,21.9
616,10/4/2023,PIPO,o,25,1000,16:40,142,83,7.3,22.5,85.88,21.9
617,10/4/2023,PIPO,n,45,1000,16:40,143,83,6.14,22.6,80.93,22
618,10/4/2023,PIPO,o,45,1000,16:40,144,83,7.18,22.6,76.33,22.1
619,10/4/2023,PSME,n,25,1000,16:40,145,73,6.14,22.5,75.4,22
620,10/4/2023,PSME,o,25,1000,16:40,146,73,3.03,22.4,35.79,22.1
621,10/4/2023,PSME,n,45,1000,16:40,147,73,4.81,22.4,70.97,22.1
622,10/4/2023,PSME,o,45,1000,16:40,148,73,3.7,22.4,40.25,22.1
623,10/4/2023,PSME,n,25,1000,16:40,149,74,6.72,22.4,58.29,22
624,10/4/2023,PSME,o,25,1000,16:40,150,74,3.7,22.4,40.23,22
625,10/4/2023,PSME,n,45,1000,16:40,151,74,6.51,22.5,68.58,22
626,10/4/2023,PSME,o,45,1000,16:40,152,74,4.27,22.6,48.11,22.1
627,10/4/2023,PSME,n,25,1000,16:40,153,75,5.65,22.4,74.69,22
628,10/4/2023,PSME,o,25,1000,16:40,154,75,4.62,22.5,55.58,22
629,10/4/2023,PSME,n,45,1000,16:40,155,75,6.55,22.5,81.06,22
630,10/4/2023,PSME,o,45,1000,16:40,156,75,4.46,22.5,51.17,22
631,10/4/2023,PSME,n,25,2250,37:30:00,157,76,6.78,22.4,83.33,22
632,10/4/2023,PSME,o,25,2250,37:30:00,158,76,4.61,22.5,44.11,22
633,10/4/2023,PSME,n,45,2250,37:30:00,159,76,7.01,22.5,71.62,22
634,10/4/2023,PSME,o,45,2250,37:30:00,160,76,4.33,22.5,42.73,22
635,10/4/2023,PSME,n,25,2250,37:30:00,161,77,3.92,22.4,58.97,21.9
636,10/4/2023,PSME,o,25,2250,37:30:00,162,77,3.83,22.4,48.73,22
637,10/4/2023,PSME,n,45,2250,37:30:00,163,77,7.71,22.5,69.52,22.1
638,10/4/2023,PSME,o,45,2250,37:30:00,164,77,5.6,22.6,55.65,22
639,10/4/2023,PSME,n,25,2250,37:30:00,165,78,5.32,22.5,58.96,22
640,10/4/2023,PSME,o,25,2250,37:30:00,166,78,6.72,22.4,51.32,22
641,10/4/2023,PSME,n,45,2250,37:30:00,167,78,6.52,22.4,71.73,21.9
642,10/4/2023,PSME,o,45,2250,37:30:00,168,78,5,22.5,49.93,21.8
643,10/4/2023,PIPO,n,25,200,3:20,169,84,7.52,22.5,80.01,21.6
644,10/4/2023,PIPO,o,25,200,3:20,170,84,7.01,22.5,77.66,21.7
645,10/4/2023,PIPO,n,60,200,3:20,171,84,53.43,22.6,92.87,21.7
646,10/4/2023,PIPO,o,60,200,3:20,172,84,34.2,22.5,81.37,21.7
647,10/4/2023,PIPO,n,25,200,3:20,173,85,7.24,22.5,79.26,21.7
648,10/4/2023,PIPO,o,25,200,3:20,174,85,8.78,22.6,98.19,21.7
649,10/4/2023,PIPO,n,60,200,3:20,175,85,67.96,22.6,105,21.7
650,10/4/2023,PIPO,o,60,200,3:20,176,85,35.01,22.6,88.12,21.7
651,10/4/2023,PIPO,n,25,200,3:20,177,86,5.86,22.6,74.19,21.8
652,10/4/2023,PIPO,o,25,200,3:20,178,86,7.92,22.5,80.22,21.7
653,10/4/2023,PIPO,n,60,200,3:20,179,86,50.42,22.5,85.81,21.7
654,10/4/2023,PIPO,o,60,200,3:20,180,86,38.3,22.4,80.59,21.6
655,10/4/2023,PIPO,n,25,155,2:35,181,87,8.8,22.3,91.38,21.8
656,10/4/2023,PIPO,o,25,155,2:35,183,87,9.61,22.4,101.7,21.8
657,10/4/2023,PIPO,n,60,155,2:35,185,87,64.25,22.4,114.9,21.7
658,10/4/2023,PIPO,o,60,155,2:35,186,87,40.94,22.4,98.01,21.7
663,10/4/2023,PIPO,n,25,155,2:35,191,89,6.49,22.4,81.88,21.9
664,10/4/2023,PIPO,o,25,155,2:35,192,89,7.03,22.4,76.65,21.8
665,10/4/2023,PIPO,n,60,155,2:35,193,89,63.48,22.4,106.4,21.8
666,10/4/2023,PIPO,o,60,155,2:35,194,89,28.82,22.3,74.592,21.7
667,10/11/2023,PIPO,n,25,90,1:30,1,90,8.47,22.5,81.64,22.4
668,10/11/2023,PIPO,o,25,90,1:30,2,90,7.51,22.6,71.07,22.3
669,10/11/2023,PIPO,n,65,90,1:30,3,90,38.8,22.7,88.7,22.3
670,10/11/2023,PIPO,o,65,90,1:30,4,90,29.17,22.7,71.04,22.2
671,10/11/2023,PIPO,n,25,90,1:30,5,91,8.35,22.7,104.4,22.2
672,10/11/2023,PIPO,o,25,90,1:30,6,91,8.16,22.6,105.2,22.2
673,10/11/2023,PIPO,n,65,90,1:30,7,91,52.89,22.7,109.1,22.3
674,10/11/2023,PIPO,o,65,90,1:30,8,91,41.38,22.7,100.5,22.2
675,10/11/2023,PIPO,n,25,90,1:30,9,92,7.66,22.7,76.16,22.2
676,10/11/2023,PIPO,o,25,90,1:30,10,92,7.67,22.7,81.52,22.1
677,10/11/2023,PIPO,n,65,90,1:30,11,92,42.41,22.6,84.07,22.2
678,10/11/2023,PIPO,o,65,90,1:30,12,92,35.85,22.6,79.61,22.1
691,10/11/2023,PIPO,n,25,155,2:35,32,96,8.1,22.4,80.31,22.5
692,10/11/2023,PIPO,o,25,155,2:35,33,96,8.83,22.4,78.66,22.5
693,10/11/2023,PIPO,n,60,155,2:35,34,96,56.04,22.4,96.53,22.4
694,10/11/2023,PIPO,o,60,155,2:35,35,96,34.92,22.3,81.972,22.3
695,10/11/2023,PIPO,n,25,110,1:50,36,97,9.48,22.3,96.72,22.3
696,10/11/2023,PIPO,o,25,110,1:50,37,97,9.29,22.3,94.96,22.3
697,10/11/2023,PIPO,n,60,110,1:50,39,97,82.02,22.4,128.7,22.4
698,10/11/2023,PIPO,o,60,110,1:50,40,97,53.95,22.3,112.5,22.3
703,10/11/2023,PSME,n,25,500,8:20,45,79,7.56,22.4,74.61,22.3
704,10/11/2023,PSME,o,25,500,8:20,46,79,4.23,22.3,38.36,22.3
705,10/11/2023,PSME,n,55,500,8:20,47,79,54.51,22.2,87.46,22.2
706,10/11/2023,PSME,o,55,500,8:20,48,79,24.64,22.3,44.13,22.1
707,10/11/2023,PSME,n,25,500,8:20,49,80,7.24,22.1,70.11,22.1
708,10/11/2023,PSME,o,25,500,8:20,50,80,3.96,22,40.74,22.1
709,10/11/2023,PSME,n,55,500,8:20,51,80,45.2,22.1,80.55,22.2
710,10/11/2023,PSME,o,55,500,8:20,52,80,14.91,22.1,37.71,22.2
711,10/11/2023,PSME,n,25,500,8:20,53,81,4.03,22.2,51.45,22.2
712,10/11/2023,PSME,o,25,500,8:20,54,81,3.88,22.1,35.24,22.1
713,10/11/2023,PSME,n,55,500,8:20,55,81,41.59,22,56.32,22.1
714,10/11/2023,PSME,o,55,500,8:20,56,81,25.58,21.9,41.72,22.1
715,10/11/2023,PIPO,n,25,620,10:20,57,99,6.26,22.1,80.67,22.3
716,10/11/2023,PIPO,o,25,620,10:20,58,99,5.61,22,65.39,22.2
717,10/11/2023,PIPO,n,55,620,10:20,59,99,37.99,22.1,56.034,22.2
718,10/11/2023,PIPO,o,55,620,10:20,60,99,34.63,22.2,45.174,22.1
719,10/11/2023,PIPO,n,25,620,10:20,61,100,7.93,22,96.31,22.1
720,10/11/2023,PIPO,o,25,620,10:20,62,100,8.26,22.1,97,22.2
721,10/11/2023,PIPO,n,55,620,10:20,63,100,36.54,22.2,60.3,22.3
722,10/11/2023,PIPO,o,55,620,10:20,64,100,32.42,22.3,56.64,22.3
723,10/11/2023,PIPO,n,25,620,10:20,65,101,8.3,22.2,90.17,22.4
724,10/11/2023,PIPO,o,25,620,10:20,66,101,7.52,22.2,88.17,22.3
725,10/11/2023,PIPO,n,55,620,10:20,67,101,43.57,22.1,58.71,22.3
726,10/11/2023,PIPO,o,55,620,10:20,68,101,44.06,22,61.62,22.3
735,10/11/2023,PSME,n,25,750,12:30,77,82,6.11,22,74.32,22.1
736,10/11/2023,PSME,o,25,750,12:30,78,82,5.88,22,64.6,22.1
737,10/11/2023,PSME,n,50,750,12:30,79,82,13.69,22.1,74.98,22.1
738,10/11/2023,PSME,o,50,750,12:30,80,82,8.09,22.1,58.66,22
739,10/11/2023,PSME,n,25,750,12:30,81,83,5.08,21.9,63.48,22.1
740,10/11/2023,PSME,o,25,750,12:30,82,83,4.36,21.8,46.08,22.1
741,10/11/2023,PSME,n,50,750,12:30,83,83,16.81,21.7,82.55,22
742,10/11/2023,PSME,o,50,750,12:30,84,83,5.27,21.7,47.67,22.1
743,10/11/2023,PSME,n,25,750,12:30,85,84,4.49,21.7,93.28,22
744,10/11/2023,PSME,o,25,750,12:30,86,84,3.18,21.8,50.66,21.9
745,10/11/2023,PSME,n,50,750,12:30,87,84,33.43,21.9,100.2,22
746,10/11/2023,PSME,o,50,750,12:30,88,84,7.83,21.9,48.58,22
747,10/11/2023,PIPO,n,25,8200,2:16:40,89,104,7.29,22,78.28,22.2
748,10/11/2023,PIPO,o,25,8200,2:16:40,90,104,6.29,21.9,79.15,22.2
749,10/11/2023,PIPO,n,45,8200,2:16:40,91,104,45.67,21.9,91.41,22.2
750,10/11/2023,PIPO,o,45,8200,2:16:40,92,104,43.44,21.8,87.5,22.2
751,10/11/2023,PIPO,n,25,8200,2:16:40,93,105,6.93,21.8,82.2,22.2
752,10/11/2023,PIPO,o,25,8200,2:16:40,94,105,7.73,21.8,90.33,22.1
753,10/11/2023,PIPO,n,45,8200,2:16:40,95,105,41.48,21.8,73.84,22.1
754,10/11/2023,PIPO,o,45,8200,2:16:40,96,105,63.91,21.8,92.3,22
755,10/11/2023,PSME,n,25,2250,37:30:00,97,85,7.8,22.1,81.07,22
756,10/11/2023,PSME,o,25,2250,37:30:00,98,85,4.11,22,52.63,22
757,10/11/2023,PSME,n,50,2250,37:30:00,99,85,51.01,22,79.42,22
758,10/11/2023,PSME,o,50,2250,37:30:00,100,85,22.68,22.1,45.55,22
759,10/11/2023,PSME,n,25,2250,37:30:00,101,86,3.9,22.1,40.12,21.9
760,10/11/2023,PSME,o,25,2250,37:30:00,102,86,4.24,22.2,56.32,22
761,10/11/2023,PSME,n,50,2250,37:30:00,103,86,31.91,22.3,62.52,22.1
762,10/11/2023,PSME,o,50,2250,37:30:00,104,86,27.65,22.4,58.5,22
763,10/11/2023,PSME,n,25,2250,37:30:00,105,87,5.88,22.5,58.96,22
764,10/11/2023,PSME,o,25,2250,37:30:00,106,87,6.7,22.6,51.32,22
765,10/11/2023,PSME,n,50,2250,37:30:00,107,87,45.51,22.5,71.73,21.9
766,10/11/2023,PSME,o,50,2250,37:30:00,108,87,40.23,22.5,69.93,21.8
0,NA,PSME,n,25,0,0:00,NA,1000,0,25,100,25
0,NA,PSME,o,25,0,0:00,NA,1000,0,25,100,25
0,NA,PSME,n,45,0,0:00,NA,1000,0,25,100,25
0,NA,PSME,o,45,0,0:00,NA,1000,0,25,100,25
0,NA,PIPO,n,25,0,0:00,NA,1000,0,25,100,25
0,NA,PIPO,o,25,0,0:00,NA,1000,0,25,100,25
0,NA,PIPO,n,45,0,0:00,NA,1000,0,25,100,25
0,NA,PIPO,o,45,0,0:00,NA,1000,0,25,100,25
0,NA,PSME,n,25,0,0:00,NA,1001,0,25,100,25
0,NA,PSME,o,25,0,0:00,NA,1001,0,25,100,25
0,NA,PSME,n,50,0,0:00,NA,1001,0,25,100,25
0,NA,PSME,o,50,0,0:00,NA,1001,0,25,100,25
0,NA,PIPO,n,25,0,0:00,NA,1001,0,25,100,25
0,NA,PIPO,o,25,0,0:00,NA,1001,0,25,100,25
0,NA,PIPO,n,50,0,0:00,NA,1001,0,25,100,25
0,NA,PIPO,o,50,0,0:00,NA,1001,0,25,100,25
0,NA,PSME,n,25,0,0:00,NA,1002,0,25,100,25
0,NA,PSME,o,25,0,0:00,NA,1002,0,25,100,25
0,NA,PSME,n,55,0,0:00,NA,1002,0,25,100,25
0,NA,PSME,o,55,0,0:00,NA,1002,0,25,100,25
0,NA,PIPO,n,25,0,0:00,NA,1002,0,25,100,25
0,NA,PIPO,o,25,0,0:00,NA,1002,0,25,100,25
0,NA,PIPO,n,55,0,0:00,NA,1002,0,25,100,25
0,NA,PIPO,o,55,0,0:00,NA,1002,0,25,100,25
0,NA,PSME,n,25,0,0:00,NA,1003,0,25,100,25
0,NA,PSME,o,25,0,0:00,NA,1003,0,25,100,25
0,NA,PSME,n,60,0,0:00,NA,1003,0,25,100,25
0,NA,PSME,o,60,0,0:00,NA,1003,0,25,100,25
0,NA,PIPO,n,25,0,0:00,NA,1003,0,25,100,25
0,NA,PIPO,o,25,0,0:00,NA,1003,0,25,100,25
0,NA,PIPO,n,60,0,0:00,NA,1003,0,25,100,25
0,NA,PIPO,o,60,0,0:00,NA,1003,0,25,100,25
0,NA,PSME,n,25,0,0:00,NA,1004,0,25,100,25
0,NA,PSME,o,25,0,0:00,NA,1004,0,25,100,25
0,NA,PSME,n,65,0,0:00,NA,1004,0,25,100,25
0,NA,PSME,o,65,0,0:00,NA,1004,0,25,100,25
0,NA,PIPO,n,25,0,0:00,NA,1004,0,25,100,25
0,NA,PIPO,o,25,0,0:00,NA,1004,0,25,100,25
0,NA,PIPO,n,65,0,0:00,NA,1004,0,25,100,25
0,NA,PIPO,o,65,0,0:00,NA,1004,0,25,100,25
