"pT","cT","temperature","nrmse","jackVar"
0.000618555236633261,0.000205651230834865,45,0.397164025908322,"PIPO_allothers_1"
0.00321175406445116,0.000628029144183424,50,0.317866291419162,"PIPO_allothers_1"
0.007790747,0.002782559,55,0.2914089,"PIPO_allothers_1"
0.02669911,0.02595024,60,0.3007544,"PIPO_allothers_1"
0.03398734,0.1668101,65,0.3313159,"PIPO_allothers_1"
0.0006185552,0.0002056512,45,0.397164,"PIPO_allothers_2"
0.003211754,0.0006280291,50,0.3205501,"PIPO_allothers_2"
0.007790747,0.002782559,55,0.2914089,"PIPO_allothers_2"
0.0243401,0.02595024,60,0.3338326,"PIPO_allothers_2"
0.03440533,0.1668101,65,0.3316393,"PIPO_allothers_2"
0.0006185552,0.0002056512,45,0.397164,"PIPO_allothers_3"
0.003211754,0.0006280291,50,0.3178663,"PIPO_allothers_3"
0.007790747,0.002782559,55,0.2947124,"PIPO_allothers_3"
0.0243401,0.02595024,60,0.3338326,"PIPO_allothers_3"
0.03354384,0.1668101,65,0.3216237,"PIPO_allothers_3"
0.0006185552,0.0002056512,45,0.3969564,"PIPO_allothers_4"
0.003211754,0.0006280291,50,0.3178663,"PIPO_allothers_4"
0.007790747,0.002782559,55,0.2931263,"PIPO_allothers_4"
0.0243401,0.02595024,60,0.335342,"PIPO_allothers_4"
0.03440533,0.1668101,65,0.3287524,"PIPO_allothers_4"
0.0006185552,0.0002056512,45,0.397164,"PIPO_allothers_5"
0.003211754,0.0006280291,50,0.3178663,"PIPO_allothers_5"
0.007790747,0.002782559,55,0.288691,"PIPO_allothers_5"
0.0243401,0.02595024,60,0.337533,"PIPO_allothers_5"
0.03440533,0.1668101,65,0.3287524,"PIPO_allothers_5"
0.0006185552,0.0002056512,45,0.397164,"PIPO_allothers_6"
0.003211754,0.0006280291,50,0.3178663,"PIPO_allothers_6"
0.007790747,0.002782559,55,0.2939554,"PIPO_allothers_6"
0.0243401,0.02595024,60,0.3338326,"PIPO_allothers_6"
0.03354384,0.1668101,65,0.3320982,"PIPO_allothers_6"
0.0006185552,0.0002056512,45,0.397164,"PIPO_allothers_7"
0.003211754,0.0006280291,50,0.3178663,"PIPO_allothers_7"
0.007790747,0.002782559,55,0.2904695,"PIPO_allothers_7"
0.0243401,0.02595024,60,0.3338326,"PIPO_allothers_7"
0.03398734,0.1668101,65,0.3352901,"PIPO_allothers_7"
0.0006185552,0.0002056512,45,0.397164,"PIPO_allothers_8"
0.003211754,0.0006280291,50,0.3178663,"PIPO_allothers_8"
0.007790747,0.002782559,55,0.2910836,"PIPO_allothers_8"
0.0243401,0.02595024,60,0.3338326,"PIPO_allothers_8"
0.03398734,0.1668101,65,0.3329013,"PIPO_allothers_8"
0.0006185552,0.0002056512,45,0.3964695,"PIPO_allothers_9"
0.003211754,0.0006280291,50,0.3178663,"PIPO_allothers_9"
0.007790747,0.002782559,55,0.2914089,"PIPO_allothers_9"
0.0243401,0.02595024,60,0.3338326,"PIPO_allothers_9"
0.03528894,0.1668101,65,0.3294509,"PIPO_allothers_9"
0.0006185552,0.0002056512,45,0.3930343,"PIPO_allothers_10"
0.003211754,0.0006280291,50,0.3178663,"PIPO_allothers_10"
0.007790747,0.002782559,55,0.2914089,"PIPO_allothers_10"
0.0243401,0.02595024,60,0.3338326,"PIPO_allothers_10"
0.03440533,0.1668101,65,0.333068,"PIPO_allothers_10"
0.0006185552,0.0002056512,45,0.397164,"PIPO_allothers_11"
0.003211754,0.0006280291,50,0.3178663,"PIPO_allothers_11"
0.007790747,0.002782559,55,0.2914089,"PIPO_allothers_11"
0.0243401,0.02595024,60,0.3361944,"PIPO_allothers_11"
0.03440533,0.1668101,65,0.3303527,"PIPO_allothers_11"
0.0006185552,0.0002056512,45,0.4023588,"PIPO_allothers_12"
0.003211754,0.0006280291,50,0.3219842,"PIPO_allothers_12"
0.007790747,0.002782559,55,0.2914089,"PIPO_allothers_12"
0.0243401,0.02595024,60,0.3338326,"PIPO_allothers_12"
0.03619524,0.1668101,65,0.3163408,"PIPO_allothers_12"
0.0006185552,0.0002056512,45,0.397164,"PIPO_allothers_13"
0.003211754,0.0006280291,50,0.3178663,"PIPO_allothers_13"
0.007790747,0.002782559,55,0.2914089,"PIPO_allothers_13"
0.0243401,0.02595024,60,0.3346323,"PIPO_allothers_13"
0.03398734,0.1668101,65,0.330598,"PIPO_allothers_13"
0.0006185552,0.0002056512,45,0.397164,"PIPO_allothers_14"
0.003211754,0.0006280291,50,0.3226928,"PIPO_allothers_14"
0.007790747,0.002782559,55,0.2914089,"PIPO_allothers_14"
0.0243401,0.02595024,60,0.3338326,"PIPO_allothers_14"
0.03440533,0.1668101,65,0.3344027,"PIPO_allothers_14"
0.0006185552,0.0002056512,45,0.4014657,"PIPO_allothers_15"
0.003211754,0.0006280291,50,0.3178663,"PIPO_allothers_15"
0.007790747,0.002782559,55,0.2939446,"PIPO_allothers_15"
0.0243401,0.02595024,60,0.3361731,"PIPO_allothers_15"
0.03440533,0.1668101,65,0.3287524,"PIPO_allothers_15"
0.0006185552,0.0002056512,45,0.397164,"PIPO_allothers_16"
0.003211754,0.0006280291,50,0.3178663,"PIPO_allothers_16"
0.007790747,0.002782559,55,0.2914089,"PIPO_allothers_16"
0.0243401,0.02595024,60,0.3370086,"PIPO_allothers_16"
0.03398734,0.1668101,65,0.3334007,"PIPO_allothers_16"
0.0006185552,0.0002056512,45,0.397164,"PIPO_allothers_17"
0.003211754,0.0006280291,50,0.3247294,"PIPO_allothers_17"
0.007790747,0.002782559,55,0.2914089,"PIPO_allothers_17"
0.0243401,0.02595024,60,0.3338326,"PIPO_allothers_17"
0.03398734,0.1668101,65,0.3152227,"PIPO_allothers_17"
0.0006185552,0.0002056512,45,0.3917048,"PIPO_allothers_18"
0.003211754,0.0006280291,50,0.3178663,"PIPO_allothers_18"
0.007790747,0.002782559,55,0.2937629,"PIPO_allothers_18"
0.0243401,0.02595024,60,0.3353312,"PIPO_allothers_18"
0.03440533,0.1668101,65,0.3287524,"PIPO_allothers_18"
0.0006185552,0.0002056512,45,0.4018577,"PIPO_allothers_19"
0.003211754,0.0006280291,50,0.3178663,"PIPO_allothers_19"
0.007790747,0.002782559,55,0.292902,"PIPO_allothers_19"
0.0243401,0.02595024,60,0.3342532,"PIPO_allothers_19"
0.03440533,0.1668101,65,0.3287524,"PIPO_allothers_19"
0.0006185552,0.0002056512,45,0.3902619,"PIPO_allothers_20"
0.003211754,0.0006280291,50,0.3159868,"PIPO_allothers_20"
0.007790747,0.002782559,55,0.2914089,"PIPO_allothers_20"
0.0243401,0.02595024,60,0.3361007,"PIPO_allothers_20"
0.03440533,0.1668101,65,0.3287524,"PIPO_allothers_20"
0.0006185552,0.0002056512,45,0.397164,"PIPO_allothers_21"
0.003211754,0.0006280291,50,0.3178663,"PIPO_allothers_21"
0.007790747,0.002782559,55,0.2904695,"PIPO_allothers_21"
0.0243401,0.02595024,60,0.3331435,"PIPO_allothers_21"
0.03440533,0.1668101,65,0.3309211,"PIPO_allothers_21"
0.0006185552,0.0002056512,45,0.397164,"PIPO_allothers_22"
0.003211754,0.0006280291,50,0.3205501,"PIPO_allothers_22"
0.007790747,0.002782559,55,0.2914089,"PIPO_allothers_22"
0.0243401,0.02595024,60,0.3386861,"PIPO_allothers_22"
0.03440533,0.1668101,65,0.3287524,"PIPO_allothers_22"
0.0006185552,0.0002056512,45,0.401505,"PIPO_allothers_23"
0.003211754,0.0006280291,50,0.315846,"PIPO_allothers_23"
0.007790747,0.002782559,55,0.2814231,"PIPO_allothers_23"
0.0243401,0.02595024,60,0.3338326,"PIPO_allothers_23"
0.03440533,0.1668101,65,0.3287524,"PIPO_allothers_23"
0.0006185552,0.0002056512,45,0.3991453,"PIPO_allothers_24"
0.003211754,0.0006280291,50,0.3178663,"PIPO_allothers_24"
0.007790747,0.002782559,55,0.2914089,"PIPO_allothers_24"
0.0243401,0.02595024,60,0.3338326,"PIPO_allothers_24"
0.03398734,0.1668101,65,0.3358056,"PIPO_allothers_24"
0.0004429795,0.0002983647,45,0.398841,"PIPO_allothers_25"
0.003211754,0.0006280291,50,0.3178663,"PIPO_allothers_25"
0.007790747,0.002782559,55,0.2914089,"PIPO_allothers_25"
0.0243401,0.02595024,60,0.3358975,"PIPO_allothers_25"
0.03440533,0.1668101,65,0.3287524,"PIPO_allothers_25"
0.0006185552,0.0002056512,45,0.3966652,"PIPO_allothers_26"
0.003211754,0.0006280291,50,0.3178663,"PIPO_allothers_26"
0.007790747,0.002782559,55,0.2914089,"PIPO_allothers_26"
0.0243401,0.02595024,60,0.3331435,"PIPO_allothers_26"
0.03440533,0.1668101,65,0.3285241,"PIPO_allothers_26"
0.0006185552,0.0002056512,45,0.397164,"PIPO_allothers_27"
0.003211754,0.0006280291,50,0.3198211,"PIPO_allothers_27"
0.007790747,0.002782559,55,0.2920211,"PIPO_allothers_27"
0.0243401,0.02595024,60,0.3338326,"PIPO_allothers_27"
0.03398734,0.1668101,65,0.3313159,"PIPO_allothers_27"
0.0006185552,0.0002056512,45,0.401505,"PIPO_allothers_28"
0.003211754,0.0006280291,50,0.3178663,"PIPO_allothers_28"
0.007790747,0.002782559,55,0.2938423,"PIPO_allothers_28"
0.0243401,0.02595024,60,0.3352963,"PIPO_allothers_28"
0.03440533,0.1668101,65,0.3287524,"PIPO_allothers_28"
0.0006185552,0.0002056512,45,0.4014806,"PIPO_allothers_29"
0.003211754,0.0006280291,50,0.3178663,"PIPO_allothers_29"
0.007790747,0.002782559,55,0.2920902,"PIPO_allothers_29"
0.0243401,0.02595024,60,0.3338326,"PIPO_allothers_29"
0.03440533,0.1668101,65,0.3287524,"PIPO_allothers_29"
0.0006185552,0.0002056512,45,0.397164,"PIPO_allothers_30"
0.003211754,0.0006280291,50,0.3221308,"PIPO_allothers_30"
0.007790747,0.002782559,55,0.2914089,"PIPO_allothers_30"
0.0243401,0.02595024,60,0.335694,"PIPO_allothers_30"
0.03440533,0.1668101,65,0.3288564,"PIPO_allothers_30"
0.0006185552,0.0002056512,45,0.3969366,"PIPO_allothers_31"
0.003211754,0.0006280291,50,0.3212092,"PIPO_allothers_31"
0.007790747,0.002782559,55,0.2938683,"PIPO_allothers_31"
0.0243401,0.02595024,60,0.3338326,"PIPO_allothers_31"
0.03440533,0.1668101,65,0.3287524,"PIPO_allothers_31"
0.0006185552,0.0002056512,45,0.397164,"PIPO_allothers_32"
0.003211754,0.0006280291,50,0.3203356,"PIPO_allothers_32"
0.007790747,0.002782559,55,0.2882138,"PIPO_allothers_32"
0.0243401,0.02595024,60,0.3338326,"PIPO_allothers_32"
0.03440533,0.1668101,65,0.3287524,"PIPO_allothers_32"
0.0006185552,0.0002056512,45,0.397164,"PIPO_allothers_33"
0.003211754,0.0006280291,50,0.3178663,"PIPO_allothers_33"
0.007790747,0.002782559,55,0.2914089,"PIPO_allothers_33"
0.0243401,0.02595024,60,0.335342,"PIPO_allothers_33"
0.03398734,0.1668101,65,0.3336094,"PIPO_allothers_33"
0.0006185552,0.0002056512,45,0.397164,"PIPO_allothers_34"
0.003211754,0.0006280291,50,0.3159769,"PIPO_allothers_34"
0.007790747,0.002782559,55,0.293609,"PIPO_allothers_34"
0.0243401,0.02595024,60,0.3338326,"PIPO_allothers_34"
0.03440533,0.1668101,65,0.3287524,"PIPO_allothers_34"
0.0006185552,0.0002056512,45,0.4015338,"PIPO_allothers_35"
0.003211754,0.0006280291,50,0.3178663,"PIPO_allothers_35"
0.007790747,0.002782559,55,0.2915788,"PIPO_allothers_35"
0.0243401,0.02595024,60,0.3338326,"PIPO_allothers_35"
0.03398734,0.1668101,65,0.3337431,"PIPO_allothers_35"
0.0006185552,0.0002056512,45,0.4014201,"PIPO_allothers_36"
0.003211754,0.0006280291,50,0.3178663,"PIPO_allothers_36"
0.007790747,0.002782559,55,0.2938626,"PIPO_allothers_36"
0.0243401,0.02595024,60,0.3338326,"PIPO_allothers_36"
0.03440533,0.1668101,65,0.3287524,"PIPO_allothers_36"
0.0006185552,0.0002056512,45,0.397164,"PIPO_allothers_37"
0.003211754,0.0006280291,50,0.3178663,"PIPO_allothers_37"
0.007790747,0.002782559,55,0.2914089,"PIPO_allothers_37"
0.0243401,0.02595024,60,0.3374092,"PIPO_allothers_37"
0.03398734,0.1668101,65,0.3267826,"PIPO_allothers_37"
0.0006185552,0.0002056512,45,0.3951083,"PIPO_allothers_38"
0.003211754,0.0006280291,50,0.3178663,"PIPO_allothers_38"
0.007790747,0.002782559,55,0.2914089,"PIPO_allothers_38"
0.0243401,0.02595024,60,0.3353312,"PIPO_allothers_38"
0.03440533,0.1668101,65,0.3317715,"PIPO_allothers_38"
0.0006185552,0.0002056512,45,0.397164,"PIPO_allothers_39"
0.003211754,0.0006280291,50,0.3178663,"PIPO_allothers_39"
0.007790747,0.002782559,55,0.2914089,"PIPO_allothers_39"
0.0243401,0.02595024,60,0.3360543,"PIPO_allothers_39"
0.03619524,0.1668101,65,0.3125001,"PIPO_allothers_39"
0.0006185552,0.0002056512,45,0.4023988,"PIPO_allothers_40"
0.003211754,0.0006280291,50,0.3178663,"PIPO_allothers_40"
0.007790747,0.002782559,55,0.2914089,"PIPO_allothers_40"
0.0243401,0.02595024,60,0.3372951,"PIPO_allothers_40"
0.03440533,0.1668101,65,0.3319967,"PIPO_allothers_40"
0.0006185552,0.0002056512,45,0.397164,"PIPO_allothers_41"
0.003211754,0.0006280291,50,0.3221338,"PIPO_allothers_41"
0.007790747,0.002782559,55,0.2920902,"PIPO_allothers_41"
0.0243401,0.02595024,60,0.3377522,"PIPO_allothers_41"
0.03440533,0.1668101,65,0.3287524,"PIPO_allothers_41"
0.0006185552,0.0002056512,45,0.4061163,"PIPO_allothers_42"
0.003211754,0.0006280291,50,0.3098748,"PIPO_allothers_42"
0.007790747,0.002782559,55,0.2914089,"PIPO_allothers_42"
0.0243401,0.02595024,60,0.3338326,"PIPO_allothers_42"
0.03440533,0.1668101,65,0.3287524,"PIPO_allothers_42"
0.0006185552,0.0002056512,45,0.397164,"PIPO_allothers_43"
0.003211754,0.0006280291,50,0.3188675,"PIPO_allothers_43"
0.007790747,0.002782559,55,0.2914089,"PIPO_allothers_43"
0.0243401,0.02595024,60,0.3389975,"PIPO_allothers_43"
0.03440533,0.1668101,65,0.3287524,"PIPO_allothers_43"
0.0006185552,0.0002056512,45,0.387815,"PIPO_allothers_44"
0.003211754,0.0006280291,50,0.3178976,"PIPO_allothers_44"
0.007790747,0.002782559,55,0.2879803,"PIPO_allothers_44"
0.0243401,0.02595024,60,0.3338326,"PIPO_allothers_44"
0.03440533,0.1668101,65,0.3287524,"PIPO_allothers_44"
0.0006185552,0.0002056512,45,0.397164,"PIPO_allothers_45"
0.002351571,0.0009111628,50,0.3195139,"PIPO_allothers_45"
0.007790747,0.002782559,55,0.2914089,"PIPO_allothers_45"
0.0243401,0.02595024,60,0.3338326,"PIPO_allothers_45"
0.03398734,0.1668101,65,0.3328648,"PIPO_allothers_45"
0.0006185552,0.0002056512,45,0.3951083,"PIPO_allothers_46"
0.003211754,0.0006280291,50,0.318865,"PIPO_allothers_46"
0.007790747,0.002782559,55,0.2914089,"PIPO_allothers_46"
0.0243401,0.02595024,60,0.3362027,"PIPO_allothers_46"
0.03440533,0.1668101,65,0.3287524,"PIPO_allothers_46"
0.0006185552,0.0002056512,45,0.397164,"PIPO_allothers_47"
0.003211754,0.0006280291,50,0.3178663,"PIPO_allothers_47"
0.007790747,0.002782559,55,0.292927,"PIPO_allothers_47"
0.0243401,0.02595024,60,0.3338326,"PIPO_allothers_47"
0.03440533,0.1668101,65,0.3313817,"PIPO_allothers_47"
0.0006185552,0.0002056512,45,0.3929691,"PIPO_allothers_48"
0.003211754,0.0006280291,50,0.3256456,"PIPO_allothers_48"
0.007790747,0.002782559,55,0.2914089,"PIPO_allothers_48"
0.0243401,0.02595024,60,0.3338326,"PIPO_allothers_48"
0.03440533,0.1668101,65,0.3287524,"PIPO_allothers_48"
0.0004429795,0.0002983647,45,0.407516,"PIPO_allothers_49"
0.003211754,0.0006280291,50,0.3178663,"PIPO_allothers_49"
0.007790747,0.002782559,55,0.2922005,"PIPO_allothers_49"
0.0243401,0.02595024,60,0.3338326,"PIPO_allothers_49"
0.03398734,0.1668101,65,0.3310904,"PIPO_allothers_49"
0.0006185552,0.0002056512,45,0.397164,"PIPO_allothers_50"
0.003211754,0.0006280291,50,0.3178663,"PIPO_allothers_50"
0.007790747,0.002782559,55,0.2972272,"PIPO_allothers_50"
0.0243401,0.02595024,60,0.3338326,"PIPO_allothers_50"
0.03440533,0.1668101,65,0.3287524,"PIPO_allothers_50"
0.0006185552,0.0002056512,45,0.397164,"PIPO_allothers_51"
0.003211754,0.0006280291,50,0.3178663,"PIPO_allothers_51"
0.007790747,0.002782559,55,0.2914089,"PIPO_allothers_51"
0.0243401,0.02595024,60,0.3354737,"PIPO_allothers_51"
0.03440533,0.1668101,65,0.3252315,"PIPO_allothers_51"
0.0004429795,0.0002983647,45,0.4015124,"PIPO_allothers_52"
0.003211754,0.0006280291,50,0.3178663,"PIPO_allothers_52"
0.007790747,0.002782559,55,0.2938888,"PIPO_allothers_52"
0.0243401,0.02595024,60,0.3338326,"PIPO_allothers_52"
0.03440533,0.1668101,65,0.3287524,"PIPO_allothers_52"
0.0006185552,0.0002056512,45,0.397164,"PIPO_allothers_53"
0.003211754,0.0006280291,50,0.3178663,"PIPO_allothers_53"
0.007790747,0.002782559,55,0.2882138,"PIPO_allothers_53"
0.0243401,0.02595024,60,0.3372951,"PIPO_allothers_53"
0.03440533,0.1668101,65,0.3317715,"PIPO_allothers_53"
0.0006185552,0.0002056512,45,0.387815,"PIPO_allothers_54"
0.002351571,0.0009111628,50,0.3195139,"PIPO_allothers_54"
0.007790747,0.002782559,55,0.2914089,"PIPO_allothers_54"
0.0243401,0.02595024,60,0.3338326,"PIPO_allothers_54"
0.03440533,0.1668101,65,0.3249868,"PIPO_allothers_54"
0.0006185552,0.0002056512,45,0.398878,"PIPO_allothers_55"
0.003211754,0.0006280291,50,0.3178663,"PIPO_allothers_55"
0.007790747,0.002782559,55,0.2938423,"PIPO_allothers_55"
0.0243401,0.02595024,60,0.3338326,"PIPO_allothers_55"
0.03440533,0.1668101,65,0.3287524,"PIPO_allothers_55"
0.0006185552,0.0002056512,45,0.3940502,"PIPO_allothers_56"
0.003211754,0.0006280291,50,0.3171685,"PIPO_allothers_56"
0.007790747,0.002782559,55,0.2914089,"PIPO_allothers_56"
0.0243401,0.02595024,60,0.3338326,"PIPO_allothers_56"
0.03354384,0.1668101,65,0.3310845,"PIPO_allothers_56"
0.0006185552,0.0002056512,45,0.3989751,"PIPO_allothers_57"
0.003211754,0.0006280291,50,0.3178663,"PIPO_allothers_57"
0.007790747,0.002782559,55,0.294098,"PIPO_allothers_57"
0.0243401,0.02595024,60,0.3338326,"PIPO_allothers_57"
0.03440533,0.1668101,65,0.3299646,"PIPO_allothers_57"
0.0006185552,0.0002056512,45,0.397164,"PIPO_allothers_58"
0.003211754,0.0006280291,50,0.3178663,"PIPO_allothers_58"
0.007790747,0.002782559,55,0.2892121,"PIPO_allothers_58"
0.0243401,0.02595024,60,0.3352963,"PIPO_allothers_58"
0.03440533,0.1668101,65,0.3313817,"PIPO_allothers_58"
0.0006185552,0.0002056512,45,0.397164,"PIPO_allothers_59"
0.003211754,0.0006280291,50,0.316095,"PIPO_allothers_59"
0.007790747,0.002782559,55,0.2914089,"PIPO_allothers_59"
0.0243401,0.02595024,60,0.3338326,"PIPO_allothers_59"
0.03440533,0.1668101,65,0.3317929,"PIPO_allothers_59"
0.0006185552,0.0002056512,45,0.4024568,"PIPO_allothers_60"
0.003211754,0.0006280291,50,0.3178663,"PIPO_allothers_60"
0.007790747,0.002782559,55,0.290204,"PIPO_allothers_60"
0.0243401,0.02595024,60,0.3338326,"PIPO_allothers_60"
0.03440533,0.1668101,65,0.3316277,"PIPO_allothers_60"
0.0006185552,0.0002056512,45,0.397164,"PIPO_allothers_61"
0.003211754,0.0006280291,50,0.3178663,"PIPO_allothers_61"
0.007790747,0.002782559,55,0.288132,"PIPO_allothers_61"
0.0243401,0.02595024,60,0.3397418,"PIPO_allothers_61"
0.03440533,0.1668101,65,0.3287524,"PIPO_allothers_61"
0.0006185552,0.0002056512,45,0.397164,"PIPO_allothers_62"
0.003211754,0.0006280291,50,0.3220867,"PIPO_allothers_62"
0.007790747,0.002782559,55,0.277381,"PIPO_allothers_62"
0.0243401,0.02595024,60,0.3352302,"PIPO_allothers_62"
0.03440533,0.1668101,65,0.3287524,"PIPO_allothers_62"
0.0006185552,0.0002056512,45,0.4006578,"PIPO_allothers_63"
0.003211754,0.0006280291,50,0.3178663,"PIPO_allothers_63"
0.007790747,0.002782559,55,0.2914089,"PIPO_allothers_63"
0.0243401,0.02595024,60,0.3380474,"PIPO_allothers_63"
0.03440533,0.1668101,65,0.3287524,"PIPO_allothers_63"
0.0006185552,0.0002056512,45,0.397164,"PIPO_allothers_64"
0.003211754,0.0006280291,50,0.3178663,"PIPO_allothers_64"
0.006402399,0.004037017,55,0.2970167,"PIPO_allothers_64"
0.0243401,0.02595024,60,0.3376969,"PIPO_allothers_64"
0.03440533,0.1668101,65,0.3287524,"PIPO_allothers_64"
0.0006185552,0.0002056512,45,0.397164,"PIPO_allothers_65"
0.003211754,0.0006280291,50,0.3178663,"PIPO_allothers_65"
0.007790747,0.002782559,55,0.2938888,"PIPO_allothers_65"
0.0243401,0.02595024,60,0.3362437,"PIPO_allothers_65"
0.03440533,0.1668101,65,0.3309479,"PIPO_allothers_65"
0.0006185552,0.0002056512,45,0.397164,"PIPO_allothers_66"
0.003211754,0.0006280291,50,0.3172507,"PIPO_allothers_66"
0.007790747,0.002782559,55,0.288132,"PIPO_allothers_66"
0.0243401,0.02595024,60,0.3377522,"PIPO_allothers_66"
0.03440533,0.1668101,65,0.3287524,"PIPO_allothers_66"
0.0006185552,0.0002056512,45,0.3972378,"PIPO_allothers_67"
0.003211754,0.0006280291,50,0.3186233,"PIPO_allothers_67"
0.007790747,0.002782559,55,0.2914089,"PIPO_allothers_67"
0.0243401,0.02595024,60,0.3338326,"PIPO_allothers_67"
0.03440533,0.1668101,65,0.3314156,"PIPO_allothers_67"
0.0006185552,0.0002056512,45,0.397164,"PIPO_allothers_68"
0.003211754,0.0006280291,50,0.3178663,"PIPO_allothers_68"
0.007790747,0.002782559,55,0.2892577,"PIPO_allothers_68"
0.0243401,0.02595024,60,0.335365,"PIPO_allothers_68"
0.03398734,0.1668101,65,0.3308918,"PIPO_allothers_68"
0.0006185552,0.0002056512,45,0.397164,"PIPO_allothers_69"
0.003211754,0.0006280291,50,0.3178663,"PIPO_allothers_69"
0.007790747,0.002782559,55,0.2926532,"PIPO_allothers_69"
0.02669911,0.02595024,60,0.3146701,"PIPO_allothers_69"
0.03440533,0.1668101,65,0.3287524,"PIPO_allothers_69"
0.0006185552,0.0002056512,45,0.388399,"PIPO_allothers_70"
0.003211754,0.0006280291,50,0.3178663,"PIPO_allothers_70"
0.007790747,0.002782559,55,0.2914089,"PIPO_allothers_70"
0.0243401,0.02595024,60,0.3338326,"PIPO_allothers_70"
0.03619524,0.1668101,65,0.3163408,"PIPO_allothers_70"
0.0006185552,0.0002056512,45,0.3948222,"PIPO_allothers_71"
0.003211754,0.0006280291,50,0.3178663,"PIPO_allothers_71"
0.007790747,0.002782559,55,0.2914089,"PIPO_allothers_71"
0.0243401,0.02595024,60,0.3338326,"PIPO_allothers_71"
0.03440533,0.1668101,65,0.3287524,"PIPO_allothers_71"
0.0006185552,0.0002056512,45,0.397164,"PIPO_allothers_72"
0.003211754,0.0006280291,50,0.3178663,"PIPO_allothers_72"
0.007790747,0.002782559,55,0.2763213,"PIPO_allothers_72"
0.0243401,0.02595024,60,0.3355506,"PIPO_allothers_72"
0.03398734,0.1668101,65,0.3333137,"PIPO_allothers_72"
0.0006185552,0.0002056512,45,0.3982109,"PIPO_allothers_73"
0.003211754,0.0006280291,50,0.3178663,"PIPO_allothers_73"
0.007790747,0.002782559,55,0.2914089,"PIPO_allothers_73"
0.0243401,0.02595024,60,0.3307513,"PIPO_allothers_73"
0.03440533,0.1668101,65,0.3316277,"PIPO_allothers_73"
0.0006185552,0.0002056512,45,0.4024568,"PIPO_allothers_74"
0.003211754,0.0006280291,50,0.3189634,"PIPO_allothers_74"
0.007790747,0.002782559,55,0.2914089,"PIPO_allothers_74"
0.0243401,0.02595024,60,0.3338326,"PIPO_allothers_74"
0.03440533,0.1668101,65,0.3287524,"PIPO_allothers_74"
0.0006185552,0.0002056512,45,0.4061163,"PIPO_allothers_75"
0.003211754,0.0006280291,50,0.3178663,"PIPO_allothers_75"
0.007790747,0.002782559,55,0.2914089,"PIPO_allothers_75"
0.0243401,0.02595024,60,0.3377522,"PIPO_allothers_75"
0.03440533,0.1668101,65,0.3287524,"PIPO_allothers_75"
0.0006185552,0.0002056512,45,0.4015338,"PIPO_allothers_76"
0.003211754,0.0006280291,50,0.3178663,"PIPO_allothers_76"
0.007790747,0.002782559,55,0.2921433,"PIPO_allothers_76"
0.0243401,0.02595024,60,0.3374092,"PIPO_allothers_76"
0.03440533,0.1668101,65,0.3287524,"PIPO_allothers_76"
0.0006185552,0.0002056512,45,0.397164,"PIPO_allothers_77"
0.003211754,0.0006280291,50,0.321605,"PIPO_allothers_77"
0.007790747,0.002782559,55,0.2951734,"PIPO_allothers_77"
0.0243401,0.02595024,60,0.3338326,"PIPO_allothers_77"
0.03440533,0.1668101,65,0.3287524,"PIPO_allothers_77"
0.0006185552,0.0002056512,45,0.397164,"PIPO_allothers_78"
0.003211754,0.0006280291,50,0.3138109,"PIPO_allothers_78"
0.007790747,0.002782559,55,0.2939683,"PIPO_allothers_78"
0.0243401,0.02595024,60,0.3338326,"PIPO_allothers_78"
0.03440533,0.1668101,65,0.3287524,"PIPO_allothers_78"
0.0006185552,0.0002056512,45,0.397164,"PIPO_allothers_79"
0.003211754,0.0006280291,50,0.3178663,"PIPO_allothers_79"
0.007790747,0.002782559,55,0.2961943,"PIPO_allothers_79"
0.0243401,0.02595024,60,0.3338326,"PIPO_allothers_79"
0.03440533,0.1668101,65,0.3287524,"PIPO_allothers_79"
0.0006185552,0.0002056512,45,0.4023588,"PIPO_allothers_80"
0.003211754,0.0006280291,50,0.3196188,"PIPO_allothers_80"
0.007790747,0.002782559,55,0.2914089,"PIPO_allothers_80"
0.0243401,0.02595024,60,0.3238376,"PIPO_allothers_80"
0.03440533,0.1668101,65,0.3287524,"PIPO_allothers_80"
0.0006185552,0.0002056512,45,0.397164,"PIPO_allothers_81"
0.003211754,0.0006280291,50,0.3178663,"PIPO_allothers_81"
0.007790747,0.002782559,55,0.2965801,"PIPO_allothers_81"
0.0243401,0.02595024,60,0.3338326,"PIPO_allothers_81"
0.03398734,0.1668101,65,0.3333137,"PIPO_allothers_81"
0.0006185552,0.0002056512,45,0.4014621,"PIPO_allothers_82"
0.003211754,0.0006280291,50,0.3178663,"PIPO_allothers_82"
0.007790747,0.002782559,55,0.2965809,"PIPO_allothers_82"
0.0243401,0.02595024,60,0.3338326,"PIPO_allothers_82"
0.03440533,0.1668101,65,0.3287524,"PIPO_allothers_82"
0.0006185552,0.0002056512,45,0.397164,"PIPO_allothers_83"
0.003211754,0.0006280291,50,0.3178663,"PIPO_allothers_83"
0.007790747,0.002782559,55,0.2916758,"PIPO_allothers_83"
0.0243401,0.02595024,60,0.3338326,"PIPO_allothers_83"
0.03440533,0.1668101,65,0.3316593,"PIPO_allothers_83"
0.0006185552,0.0002056512,45,0.397164,"PIPO_allothers_84"
0.003211754,0.0006280291,50,0.3214485,"PIPO_allothers_84"
0.007790747,0.002782559,55,0.2914089,"PIPO_allothers_84"
0.0243401,0.02595024,60,0.3338326,"PIPO_allothers_84"
0.03440533,0.1149757,65,0.3114085,"PIPO_allothers_84"
0.0006185552,0.0002056512,45,0.397164,"PIPO_allothers_85"
0.003211754,0.0006280291,50,0.3186233,"PIPO_allothers_85"
0.007790747,0.002782559,55,0.2914089,"PIPO_allothers_85"
0.0243401,0.02595024,60,0.3359759,"PIPO_allothers_85"
0.03440533,0.1668101,65,0.3284061,"PIPO_allothers_85"
0.0006185552,0.0002056512,45,0.3974768,"PIPO_allothers_86"
0.003211754,0.0006280291,50,0.3178663,"PIPO_allothers_86"
0.007790747,0.002782559,55,0.2914089,"PIPO_allothers_86"
0.0243401,0.02595024,60,0.3338326,"PIPO_allothers_86"
0.03354384,0.1668101,65,0.3267796,"PIPO_allothers_86"
0.0006185552,0.0002056512,45,0.3930343,"PIPO_allothers_87"
0.003211754,0.0006280291,50,0.3178663,"PIPO_allothers_87"
0.007790747,0.002782559,55,0.2914089,"PIPO_allothers_87"
0.0243401,0.02595024,60,0.333612,"PIPO_allothers_87"
0.03440533,0.1668101,65,0.328682,"PIPO_allothers_87"
0.0006185552,0.0002056512,45,0.397164,"PIPO_allothers_88"
0.003211754,0.0006280291,50,0.3178663,"PIPO_allothers_88"
0.007790747,0.002782559,55,0.2914089,"PIPO_allothers_88"
0.0243401,0.02595024,60,0.3331435,"PIPO_allothers_88"
0.03440533,0.1668101,65,0.329514,"PIPO_allothers_88"
0.0006185552,0.0002056512,45,0.3973561,"PIPO_allothers_89"
0.003211754,0.0006280291,50,0.3178663,"PIPO_allothers_89"
0.007790747,0.002782559,55,0.2966012,"PIPO_allothers_89"
0.0243401,0.02595024,60,0.3338326,"PIPO_allothers_89"
0.03440533,0.1668101,65,0.3287524,"PIPO_allothers_89"
0.0006185552,0.0002056512,45,0.387815,"PIPO_allothers_90"
0.003211754,0.0006280291,50,0.3178663,"PIPO_allothers_90"
0.007790747,0.002782559,55,0.2914089,"PIPO_allothers_90"
0.0243401,0.02595024,60,0.3337434,"PIPO_allothers_90"
0.03440533,0.1668101,65,0.3317929,"PIPO_allothers_90"
0.0006185552,0.0002056512,45,0.397164,"PIPO_allothers_91"
0.003211754,0.0006280291,50,0.3168363,"PIPO_allothers_91"
0.007790747,0.002782559,55,0.2938626,"PIPO_allothers_91"
0.0243401,0.02595024,60,0.3338326,"PIPO_allothers_91"
0.03398734,0.1668101,65,0.3333137,"PIPO_allothers_91"
0.0004429795,0.0002983647,45,0.4016545,"PIPO_allothers_92"
0.003211754,0.0006280291,50,0.3196188,"PIPO_allothers_92"
0.007790747,0.002782559,55,0.2938888,"PIPO_allothers_92"
0.0243401,0.02595024,60,0.3338326,"PIPO_allothers_92"
0.03440533,0.1668101,65,0.3287524,"PIPO_allothers_92"
0.0006185552,0.0002056512,45,0.397164,"PIPO_allothers_93"
0.003211754,0.0006280291,50,0.3178663,"PIPO_allothers_93"
0.007790747,0.002782559,55,0.2914089,"PIPO_allothers_93"
0.0243401,0.02595024,60,0.3307513,"PIPO_allothers_93"
0.03398734,0.1668101,65,0.3322892,"PIPO_allothers_93"
0.0006185552,0.0002056512,45,0.4030864,"PIPO_allothers_94"
0.003211754,0.0006280291,50,0.3178663,"PIPO_allothers_94"
0.007790747,0.002782559,55,0.2914089,"PIPO_allothers_94"
0.0243401,0.02595024,60,0.3362241,"PIPO_allothers_94"
0.03440533,0.1668101,65,0.3287524,"PIPO_allothers_94"
0.0006185552,0.0002056512,45,0.397164,"PIPO_allothers_95"
0.003211754,0.0006280291,50,0.3205501,"PIPO_allothers_95"
0.007790747,0.002782559,55,0.2932115,"PIPO_allothers_95"
0.02256229,0.03764936,60,0.3360586,"PIPO_allothers_95"
0.03440533,0.1668101,65,0.3287524,"PIPO_allothers_95"
0.0006185552,0.0002056512,45,0.397164,"PIPO_allothers_96"
0.003211754,0.0006280291,50,0.3178663,"PIPO_allothers_96"
0.007790747,0.002782559,55,0.289063,"PIPO_allothers_96"
0.02669911,0.0178865,60,0.306063,"PIPO_allothers_96"
0.03440533,0.1668101,65,0.3287524,"PIPO_allothers_96"
0.0006185552,0.0002056512,45,0.3940502,"PIPO_allothers_97"
0.003211754,0.0006280291,50,0.3178663,"PIPO_allothers_97"
0.007790747,0.002782559,55,0.2939683,"PIPO_allothers_97"
0.0243401,0.02595024,60,0.3338326,"PIPO_allothers_97"
0.03528894,0.1668101,65,0.3187034,"PIPO_allothers_97"
0.0006185552,0.0002056512,45,0.397164,"PIPO_allothers_98"
0.003211754,0.0006280291,50,0.3220891,"PIPO_allothers_98"
0.007790747,0.002782559,55,0.2902715,"PIPO_allothers_98"
0.0243401,0.02595024,60,0.3362521,"PIPO_allothers_98"
0.03440533,0.1668101,65,0.3287524,"PIPO_allothers_98"
0.0006185552,0.0002056512,45,0.397164,"PIPO_allothers_99"
0.003211754,0.0006280291,50,0.3178663,"PIPO_allothers_99"
0.007790747,0.002782559,55,0.2938732,"PIPO_allothers_99"
0.0243401,0.02595024,60,0.3360741,"PIPO_allothers_99"
0.03440533,0.1668101,65,0.3307853,"PIPO_allothers_99"
0.0006185552,0.0002056512,45,0.3756201,"PIPO_allothers_100"
0.003211754,0.0006280291,50,0.3178663,"PIPO_allothers_100"
0.007790747,0.002782559,55,0.2914089,"PIPO_allothers_100"
0.0243401,0.02595024,60,0.3338326,"PIPO_allothers_100"
0.03398734,0.1668101,65,0.3337431,"PIPO_allothers_100"
