"jackVar","temperature","pT","pT.min","pT.max","cT","cT.min","cT.max","nrmse"
"PIPO_allothers_1",45,0.000618555236633261,0.000288158003340551,0.00275119957178298,0.000205651230834865,5.02723062906292e-05,0.000399669880232155,0.397164025908322
"PIPO_allothers_1",50,0.00321175406445116,0.00110432180771131,0.00544481976967858,0.000628029144183424,0.000377241696658756,0.00163410240162293,0.317866291419162
"PIPO_allothers_1",55,0.007790747,0.00352072806386773,0.0129530800900003,0.002782559,0.00239038942142656,0.0079122322640334,0.2914089
"PIPO_allothers_1",60,0.02669911,0.00837571756559399,0.0412961803959159,0.02595024,0.0115741316364453,0.0501358054301294,0.3007544
"PIPO_allothers_1",65,0.03398734,0.0165761412055016,0.158261342935856,0.1668101,0.0473223458641145,0.376217398789615,0.3313159
"PIPO_allothers_2",45,0.0006185552,0.000310735819859304,0.00253885561861386,0.0002056512,5.0272305067483e-05,0.000399669795551395,0.397164
"PIPO_allothers_2",50,0.003211754,0.00115609684131289,0.00510563814404028,0.0006280291,0.000377241691085703,0.0016341021607751,0.3205501
"PIPO_allothers_2",55,0.007790747,0.00362398715857851,0.0121863183449154,0.002782559,0.00239038944552632,0.007912231487068,0.2914089
"PIPO_allothers_2",60,0.0243401,0.00864986118216659,0.0382001400005301,0.02595024,0.011574132322472,0.0501358017530241,0.3338326
"PIPO_allothers_2",65,0.03440533,0.0173948691168326,0.142124140088901,0.1668101,0.0473223517207625,0.376217374792346,0.3316393
"PIPO_allothers_3",45,0.0006185552,0.000305632364762154,0.00260756510876759,0.0002056512,5.0272305067483e-05,0.000399669795551395,0.397164
"PIPO_allothers_3",50,0.003211754,0.00113854775761133,0.00518433424663296,0.0006280291,0.000377241691085703,0.0016341021607751,0.3178663
"PIPO_allothers_3",55,0.007790747,0.00356090267671236,0.0122770460579252,0.002782559,0.00239038944552632,0.007912231487068,0.2947124
"PIPO_allothers_3",60,0.0243401,0.00843259020156341,0.0383974812453239,0.02595024,0.011574132322472,0.0501358017530241,0.3338326
"PIPO_allothers_3",65,0.03354384,0.016765589485299,0.14303906002824,0.1668101,0.0473223517207625,0.376217374792346,0.3216237
"PIPO_allothers_4",45,0.0006185552,0.000310735819859304,0.00253885561861386,0.0002056512,5.0272305067483e-05,0.000399669795551395,0.3969564
"PIPO_allothers_4",50,0.003211754,0.00115609684131289,0.00510563814404028,0.0006280291,0.000377241691085703,0.0016341021607751,0.3178663
"PIPO_allothers_4",55,0.007790747,0.00362398715857851,0.0121863183449154,0.002782559,0.00239038944552632,0.007912231487068,0.2931263
"PIPO_allothers_4",60,0.0243401,0.00864986118216659,0.0382001400005301,0.02595024,0.011574132322472,0.0501358017530241,0.335342
"PIPO_allothers_4",65,0.03440533,0.0173948691168326,0.142124140088901,0.1668101,0.0473223517207625,0.376217374792346,0.3287524
"PIPO_allothers_5",45,0.0006185552,0.000310735819859304,0.00253885561861386,0.0002056512,5.0272305067483e-05,0.000399669795551395,0.397164
"PIPO_allothers_5",50,0.003211754,0.00115609684131289,0.00510563814404028,0.0006280291,0.000377241691085703,0.0016341021607751,0.3178663
"PIPO_allothers_5",55,0.007790747,0.00362398715857851,0.0121863183449154,0.002782559,0.00239038944552632,0.007912231487068,0.288691
"PIPO_allothers_5",60,0.0243401,0.00864986118216659,0.0382001400005301,0.02595024,0.011574132322472,0.0501358017530241,0.337533
"PIPO_allothers_5",65,0.03440533,0.0173948691168326,0.142124140088901,0.1668101,0.0473223517207625,0.376217374792346,0.3287524
"PIPO_allothers_6",45,0.0006185552,0.000305632364762154,0.00260756510876759,0.0002056512,5.0272305067483e-05,0.000399669795551395,0.397164
"PIPO_allothers_6",50,0.003211754,0.00113854775761133,0.00518433424663296,0.0006280291,0.000377241691085703,0.0016341021607751,0.3178663
"PIPO_allothers_6",55,0.007790747,0.00356090267671236,0.0122770460579252,0.002782559,0.00239038944552632,0.007912231487068,0.2939554
"PIPO_allothers_6",60,0.0243401,0.00843259020156341,0.0383974812453239,0.02595024,0.011574132322472,0.0501358017530241,0.3338326
"PIPO_allothers_6",65,0.03354384,0.016765589485299,0.14303906002824,0.1668101,0.0473223517207625,0.376217374792346,0.3320982
"PIPO_allothers_7",45,0.0006185552,0.000308270910220266,0.00257169937235044,0.0002056512,5.0272305067483e-05,0.000399669795551395,0.397164
"PIPO_allothers_7",50,0.003211754,0.00114761905123193,0.00514335495291348,0.0006280291,0.000377241691085703,0.0016341021607751,0.3178663
"PIPO_allothers_7",55,0.007790747,0.0035934783834516,0.0122298382120393,0.002782559,0.00239038944552632,0.007912231487068,0.2904695
"PIPO_allothers_7",60,0.0243401,0.00854455110534017,0.0382946407180131,0.02595024,0.011574132322472,0.0501358017530241,0.3338326
"PIPO_allothers_7",65,0.03398734,0.0170889567111054,0.142561811027425,0.1668101,0.0473223517207625,0.376217374792346,0.3352901
"PIPO_allothers_8",45,0.0006185552,0.000308270910220266,0.00257169937235044,0.0002056512,5.0272305067483e-05,0.000399669795551395,0.397164
"PIPO_allothers_8",50,0.003211754,0.00114761905123193,0.00514335495291348,0.0006280291,0.000377241691085703,0.0016341021607751,0.3178663
"PIPO_allothers_8",55,0.007790747,0.0035934783834516,0.0122298382120393,0.002782559,0.00239038944552632,0.007912231487068,0.2910836
"PIPO_allothers_8",60,0.0243401,0.00854455110534017,0.0382946407180131,0.02595024,0.011574132322472,0.0501358017530241,0.3338326
"PIPO_allothers_8",65,0.03398734,0.0170889567111054,0.142561811027425,0.1668101,0.0473223517207625,0.376217374792346,0.3329013
"PIPO_allothers_9",45,0.0006185552,0.000315876634530144,0.0024723312965178,0.0002056512,5.0272305067483e-05,0.000399669795551395,0.3964695
"PIPO_allothers_9",50,0.003211754,0.00117379064581728,0.00502867538793663,0.0006280291,0.000377241691085703,0.0016341021607751,0.3178663
"PIPO_allothers_9",55,0.007790747,0.00368786648419963,0.0120973190294126,0.002782559,0.00239038944552632,0.007912231487068,0.2914089
"PIPO_allothers_9",60,0.0243401,0.00887177913775558,0.0380078828845822,0.02595024,0.011574132322472,0.0501358017530241,0.3338326
"PIPO_allothers_9",65,0.03528894,0.018045032014956,0.141236459175279,0.1668101,0.0473223517207625,0.376217374792346,0.3294509
"PIPO_allothers_10",45,0.0006185552,0.000310735819859304,0.00253885561861386,0.0002056512,5.0272305067483e-05,0.000399669795551395,0.3930343
"PIPO_allothers_10",50,0.003211754,0.00115609684131289,0.00510563814404028,0.0006280291,0.000377241691085703,0.0016341021607751,0.3178663
"PIPO_allothers_10",55,0.007790747,0.00362398715857851,0.0121863183449154,0.002782559,0.00239038944552632,0.007912231487068,0.2914089
"PIPO_allothers_10",60,0.0243401,0.00864986118216659,0.0382001400005301,0.02595024,0.011574132322472,0.0501358017530241,0.3338326
"PIPO_allothers_10",65,0.03440533,0.0173948691168326,0.142124140088901,0.1668101,0.0473223517207625,0.376217374792346,0.333068
"PIPO_allothers_11",45,0.0006185552,0.000310735819859304,0.00253885561861386,0.0002056512,5.0272305067483e-05,0.000399669795551395,0.397164
"PIPO_allothers_11",50,0.003211754,0.00115609684131289,0.00510563814404028,0.0006280291,0.000377241691085703,0.0016341021607751,0.3178663
"PIPO_allothers_11",55,0.007790747,0.00362398715857851,0.0121863183449154,0.002782559,0.00239038944552632,0.007912231487068,0.2914089
"PIPO_allothers_11",60,0.0243401,0.00864986118216659,0.0382001400005301,0.02595024,0.011574132322472,0.0501358017530241,0.3361944
"PIPO_allothers_11",65,0.03440533,0.0173948691168326,0.142124140088901,0.1668101,0.0473223517207625,0.376217374792346,0.3303527
"PIPO_allothers_12",45,0.0006185552,0.000321050760500112,0.00240793814612324,0.0002056512,5.0272305067483e-05,0.000399669795551395,0.4023588
"PIPO_allothers_12",50,0.003211754,0.00119161945036872,0.00495343721469565,0.0006280291,0.000377241691085703,0.0016341021607751,0.3219842
"PIPO_allothers_12",55,0.007790747,0.00375252256439489,0.0120100869043909,0.002782559,0.00239038944552632,0.007912231487068,0.2914089
"PIPO_allothers_12",60,0.0243401,0.00909835335660746,0.0378209017107979,0.02595024,0.011574132322472,0.0501358017530241,0.3338326
"PIPO_allothers_12",65,0.03619524,0.0187164783205207,0.140376936154477,0.1668101,0.0473223517207625,0.376217374792346,0.3163408
"PIPO_allothers_13",45,0.0006185552,0.000308270910220266,0.00257169937235044,0.0002056512,5.0272305067483e-05,0.000399669795551395,0.397164
"PIPO_allothers_13",50,0.003211754,0.00114761905123193,0.00514335495291348,0.0006280291,0.000377241691085703,0.0016341021607751,0.3178663
"PIPO_allothers_13",55,0.007790747,0.0035934783834516,0.0122298382120393,0.002782559,0.00239038944552632,0.007912231487068,0.2914089
"PIPO_allothers_13",60,0.0243401,0.00854455110534017,0.0382946407180131,0.02595024,0.011574132322472,0.0501358017530241,0.3346323
"PIPO_allothers_13",65,0.03398734,0.0170889567111054,0.142561811027425,0.1668101,0.0473223517207625,0.376217374792346,0.330598
"PIPO_allothers_14",45,0.0006185552,0.000310735819859304,0.00253885561861386,0.0002056512,5.0272305067483e-05,0.000399669795551395,0.397164
"PIPO_allothers_14",50,0.003211754,0.00115609684131289,0.00510563814404028,0.0006280291,0.000377241691085703,0.0016341021607751,0.3226928
"PIPO_allothers_14",55,0.007790747,0.00362398715857851,0.0121863183449154,0.002782559,0.00239038944552632,0.007912231487068,0.2914089
"PIPO_allothers_14",60,0.0243401,0.00864986118216659,0.0382001400005301,0.02595024,0.011574132322472,0.0501358017530241,0.3338326
"PIPO_allothers_14",65,0.03440533,0.0173948691168326,0.142124140088901,0.1668101,0.0473223517207625,0.376217374792346,0.3344027
"PIPO_allothers_15",45,0.0006185552,0.000310735819859304,0.00253885561861386,0.0002056512,5.0272305067483e-05,0.000399669795551395,0.4014657
"PIPO_allothers_15",50,0.003211754,0.00115609684131289,0.00510563814404028,0.0006280291,0.000377241691085703,0.0016341021607751,0.3178663
"PIPO_allothers_15",55,0.007790747,0.00362398715857851,0.0121863183449154,0.002782559,0.00239038944552632,0.007912231487068,0.2939446
"PIPO_allothers_15",60,0.0243401,0.00864986118216659,0.0382001400005301,0.02595024,0.011574132322472,0.0501358017530241,0.3361731
"PIPO_allothers_15",65,0.03440533,0.0173948691168326,0.142124140088901,0.1668101,0.0473223517207625,0.376217374792346,0.3287524
"PIPO_allothers_16",45,0.0006185552,0.000308270910220266,0.00257169937235044,0.0002056512,5.0272305067483e-05,0.000399669795551395,0.397164
"PIPO_allothers_16",50,0.003211754,0.00114761905123193,0.00514335495291348,0.0006280291,0.000377241691085703,0.0016341021607751,0.3178663
"PIPO_allothers_16",55,0.007790747,0.0035934783834516,0.0122298382120393,0.002782559,0.00239038944552632,0.007912231487068,0.2914089
"PIPO_allothers_16",60,0.0243401,0.00854455110534017,0.0382946407180131,0.02595024,0.011574132322472,0.0501358017530241,0.3370086
"PIPO_allothers_16",65,0.03398734,0.0170889567111054,0.142561811027425,0.1668101,0.0473223517207625,0.376217374792346,0.3334007
"PIPO_allothers_17",45,0.0006185552,0.000308270910220266,0.00257169937235044,0.0002056512,5.0272305067483e-05,0.000399669795551395,0.397164
"PIPO_allothers_17",50,0.003211754,0.00114761905123193,0.00514335495291348,0.0006280291,0.000377241691085703,0.0016341021607751,0.3247294
"PIPO_allothers_17",55,0.007790747,0.0035934783834516,0.0122298382120393,0.002782559,0.00239038944552632,0.007912231487068,0.2914089
"PIPO_allothers_17",60,0.0243401,0.00854455110534017,0.0382946407180131,0.02595024,0.011574132322472,0.0501358017530241,0.3338326
"PIPO_allothers_17",65,0.03398734,0.0170889567111054,0.142561811027425,0.1668101,0.0473223517207625,0.376217374792346,0.3152227
"PIPO_allothers_18",45,0.0006185552,0.000310735819859304,0.00253885561861386,0.0002056512,5.0272305067483e-05,0.000399669795551395,0.3917048
"PIPO_allothers_18",50,0.003211754,0.00115609684131289,0.00510563814404028,0.0006280291,0.000377241691085703,0.0016341021607751,0.3178663
"PIPO_allothers_18",55,0.007790747,0.00362398715857851,0.0121863183449154,0.002782559,0.00239038944552632,0.007912231487068,0.2937629
"PIPO_allothers_18",60,0.0243401,0.00864986118216659,0.0382001400005301,0.02595024,0.011574132322472,0.0501358017530241,0.3353312
"PIPO_allothers_18",65,0.03440533,0.0173948691168326,0.142124140088901,0.1668101,0.0473223517207625,0.376217374792346,0.3287524
"PIPO_allothers_19",45,0.0006185552,0.000310735819859304,0.00253885561861386,0.0002056512,5.0272305067483e-05,0.000399669795551395,0.4018577
"PIPO_allothers_19",50,0.003211754,0.00115609684131289,0.00510563814404028,0.0006280291,0.000377241691085703,0.0016341021607751,0.3178663
"PIPO_allothers_19",55,0.007790747,0.00362398715857851,0.0121863183449154,0.002782559,0.00239038944552632,0.007912231487068,0.292902
"PIPO_allothers_19",60,0.0243401,0.00864986118216659,0.0382001400005301,0.02595024,0.011574132322472,0.0501358017530241,0.3342532
"PIPO_allothers_19",65,0.03440533,0.0173948691168326,0.142124140088901,0.1668101,0.0473223517207625,0.376217374792346,0.3287524
"PIPO_allothers_20",45,0.0006185552,0.000310735819859304,0.00253885561861386,0.0002056512,5.0272305067483e-05,0.000399669795551395,0.3902619
"PIPO_allothers_20",50,0.003211754,0.00115609684131289,0.00510563814404028,0.0006280291,0.000377241691085703,0.0016341021607751,0.3159868
"PIPO_allothers_20",55,0.007790747,0.00362398715857851,0.0121863183449154,0.002782559,0.00239038944552632,0.007912231487068,0.2914089
"PIPO_allothers_20",60,0.0243401,0.00864986118216659,0.0382001400005301,0.02595024,0.011574132322472,0.0501358017530241,0.3361007
"PIPO_allothers_20",65,0.03440533,0.0173948691168326,0.142124140088901,0.1668101,0.0473223517207625,0.376217374792346,0.3287524
"PIPO_allothers_21",45,0.0006185552,0.000310735819859304,0.00253885561861386,0.0002056512,5.0272305067483e-05,0.000399669795551395,0.397164
"PIPO_allothers_21",50,0.003211754,0.00115609684131289,0.00510563814404028,0.0006280291,0.000377241691085703,0.0016341021607751,0.3178663
"PIPO_allothers_21",55,0.007790747,0.00362398715857851,0.0121863183449154,0.002782559,0.00239038944552632,0.007912231487068,0.2904695
"PIPO_allothers_21",60,0.0243401,0.00864986118216659,0.0382001400005301,0.02595024,0.011574132322472,0.0501358017530241,0.3331435
"PIPO_allothers_21",65,0.03440533,0.0173948691168326,0.142124140088901,0.1668101,0.0473223517207625,0.376217374792346,0.3309211
"PIPO_allothers_22",45,0.0006185552,0.000310735819859304,0.00253885561861386,0.0002056512,5.0272305067483e-05,0.000399669795551395,0.397164
"PIPO_allothers_22",50,0.003211754,0.00115609684131289,0.00510563814404028,0.0006280291,0.000377241691085703,0.0016341021607751,0.3205501
"PIPO_allothers_22",55,0.007790747,0.00362398715857851,0.0121863183449154,0.002782559,0.00239038944552632,0.007912231487068,0.2914089
"PIPO_allothers_22",60,0.0243401,0.00864986118216659,0.0382001400005301,0.02595024,0.011574132322472,0.0501358017530241,0.3386861
"PIPO_allothers_22",65,0.03440533,0.0173948691168326,0.142124140088901,0.1668101,0.0473223517207625,0.376217374792346,0.3287524
"PIPO_allothers_23",45,0.0006185552,0.000310735819859304,0.00253885561861386,0.0002056512,5.0272305067483e-05,0.000399669795551395,0.401505
"PIPO_allothers_23",50,0.003211754,0.00115609684131289,0.00510563814404028,0.0006280291,0.000377241691085703,0.0016341021607751,0.315846
"PIPO_allothers_23",55,0.007790747,0.00362398715857851,0.0121863183449154,0.002782559,0.00239038944552632,0.007912231487068,0.2814231
"PIPO_allothers_23",60,0.0243401,0.00864986118216659,0.0382001400005301,0.02595024,0.011574132322472,0.0501358017530241,0.3338326
"PIPO_allothers_23",65,0.03440533,0.0173948691168326,0.142124140088901,0.1668101,0.0473223517207625,0.376217374792346,0.3287524
"PIPO_allothers_24",45,0.0006185552,0.000308270910220266,0.00257169937235044,0.0002056512,5.0272305067483e-05,0.000399669795551395,0.3991453
"PIPO_allothers_24",50,0.003211754,0.00114761905123193,0.00514335495291348,0.0006280291,0.000377241691085703,0.0016341021607751,0.3178663
"PIPO_allothers_24",55,0.007790747,0.0035934783834516,0.0122298382120393,0.002782559,0.00239038944552632,0.007912231487068,0.2914089
"PIPO_allothers_24",60,0.0243401,0.00854455110534017,0.0382946407180131,0.02595024,0.011574132322472,0.0501358017530241,0.3338326
"PIPO_allothers_24",65,0.03398734,0.0170889567111054,0.142561811027425,0.1668101,0.0473223517207625,0.376217374792346,0.3358056
"PIPO_allothers_25",45,0.0004429795,0.000190257360245718,0.00277775575373658,0.0002983647,4.49722205655518e-05,0.000698272960905928,0.398841
"PIPO_allothers_25",50,0.003211754,0.000823878906443705,0.00548510562796732,0.0006280291,0.000345529579837719,0.00240273906060579,0.3178663
"PIPO_allothers_25",55,0.007790747,0.00286688965489475,0.0134787698635461,0.002782559,0.00212261693511976,0.0103405228645932,0.2914089
"PIPO_allothers_25",60,0.0243401,0.00704492283347832,0.046902700846302,0.02595024,0.00913497820476805,0.0635226916337737,0.3358975
"PIPO_allothers_25",65,0.03440533,0.0139112828154624,0.203104604376941,0.1668101,0.0314332219335866,0.488056152761809,0.3287524
"PIPO_allothers_26",45,0.0006185552,0.000310735819859304,0.00253885561861386,0.0002056512,5.0272305067483e-05,0.000399669795551395,0.3966652
"PIPO_allothers_26",50,0.003211754,0.00115609684131289,0.00510563814404028,0.0006280291,0.000377241691085703,0.0016341021607751,0.3178663
"PIPO_allothers_26",55,0.007790747,0.00362398715857851,0.0121863183449154,0.002782559,0.00239038944552632,0.007912231487068,0.2914089
"PIPO_allothers_26",60,0.0243401,0.00864986118216659,0.0382001400005301,0.02595024,0.011574132322472,0.0501358017530241,0.3331435
"PIPO_allothers_26",65,0.03440533,0.0173948691168326,0.142124140088901,0.1668101,0.0473223517207625,0.376217374792346,0.3285241
"PIPO_allothers_27",45,0.0006185552,0.000308270910220266,0.00257169937235044,0.0002056512,5.0272305067483e-05,0.000399669795551395,0.397164
"PIPO_allothers_27",50,0.003211754,0.00114761905123193,0.00514335495291348,0.0006280291,0.000377241691085703,0.0016341021607751,0.3198211
"PIPO_allothers_27",55,0.007790747,0.0035934783834516,0.0122298382120393,0.002782559,0.00239038944552632,0.007912231487068,0.2920211
"PIPO_allothers_27",60,0.0243401,0.00854455110534017,0.0382946407180131,0.02595024,0.011574132322472,0.0501358017530241,0.3338326
"PIPO_allothers_27",65,0.03398734,0.0170889567111054,0.142561811027425,0.1668101,0.0473223517207625,0.376217374792346,0.3313159
"PIPO_allothers_28",45,0.0006185552,0.000310735819859304,0.00253885561861386,0.0002056512,5.0272305067483e-05,0.000399669795551395,0.401505
"PIPO_allothers_28",50,0.003211754,0.00115609684131289,0.00510563814404028,0.0006280291,0.000377241691085703,0.0016341021607751,0.3178663
"PIPO_allothers_28",55,0.007790747,0.00362398715857851,0.0121863183449154,0.002782559,0.00239038944552632,0.007912231487068,0.2938423
"PIPO_allothers_28",60,0.0243401,0.00864986118216659,0.0382001400005301,0.02595024,0.011574132322472,0.0501358017530241,0.3352963
"PIPO_allothers_28",65,0.03440533,0.0173948691168326,0.142124140088901,0.1668101,0.0473223517207625,0.376217374792346,0.3287524
"PIPO_allothers_29",45,0.0006185552,0.000310735819859304,0.00253885561861386,0.0002056512,5.0272305067483e-05,0.000399669795551395,0.4014806
"PIPO_allothers_29",50,0.003211754,0.00115609684131289,0.00510563814404028,0.0006280291,0.000377241691085703,0.0016341021607751,0.3178663
"PIPO_allothers_29",55,0.007790747,0.00362398715857851,0.0121863183449154,0.002782559,0.00239038944552632,0.007912231487068,0.2920902
"PIPO_allothers_29",60,0.0243401,0.00864986118216659,0.0382001400005301,0.02595024,0.011574132322472,0.0501358017530241,0.3338326
"PIPO_allothers_29",65,0.03440533,0.0173948691168326,0.142124140088901,0.1668101,0.0473223517207625,0.376217374792346,0.3287524
"PIPO_allothers_30",45,0.0006185552,0.000310735819859304,0.00253885561861386,0.0002056512,5.0272305067483e-05,0.000399669795551395,0.397164
"PIPO_allothers_30",50,0.003211754,0.00115609684131289,0.00510563814404028,0.0006280291,0.000377241691085703,0.0016341021607751,0.3221308
"PIPO_allothers_30",55,0.007790747,0.00362398715857851,0.0121863183449154,0.002782559,0.00239038944552632,0.007912231487068,0.2914089
"PIPO_allothers_30",60,0.0243401,0.00864986118216659,0.0382001400005301,0.02595024,0.011574132322472,0.0501358017530241,0.335694
"PIPO_allothers_30",65,0.03440533,0.0173948691168326,0.142124140088901,0.1668101,0.0473223517207625,0.376217374792346,0.3288564
"PIPO_allothers_31",45,0.0006185552,0.000310735819859304,0.00253885561861386,0.0002056512,5.0272305067483e-05,0.000399669795551395,0.3969366
"PIPO_allothers_31",50,0.003211754,0.00115609684131289,0.00510563814404028,0.0006280291,0.000377241691085703,0.0016341021607751,0.3212092
"PIPO_allothers_31",55,0.007790747,0.00362398715857851,0.0121863183449154,0.002782559,0.00239038944552632,0.007912231487068,0.2938683
"PIPO_allothers_31",60,0.0243401,0.00864986118216659,0.0382001400005301,0.02595024,0.011574132322472,0.0501358017530241,0.3338326
"PIPO_allothers_31",65,0.03440533,0.0173948691168326,0.142124140088901,0.1668101,0.0473223517207625,0.376217374792346,0.3287524
"PIPO_allothers_32",45,0.0006185552,0.000310735819859304,0.00253885561861386,0.0002056512,5.0272305067483e-05,0.000399669795551395,0.397164
"PIPO_allothers_32",50,0.003211754,0.00115609684131289,0.00510563814404028,0.0006280291,0.000377241691085703,0.0016341021607751,0.3203356
"PIPO_allothers_32",55,0.007790747,0.00362398715857851,0.0121863183449154,0.002782559,0.00239038944552632,0.007912231487068,0.2882138
"PIPO_allothers_32",60,0.0243401,0.00864986118216659,0.0382001400005301,0.02595024,0.011574132322472,0.0501358017530241,0.3338326
"PIPO_allothers_32",65,0.03440533,0.0173948691168326,0.142124140088901,0.1668101,0.0473223517207625,0.376217374792346,0.3287524
"PIPO_allothers_33",45,0.0006185552,0.000308270910220266,0.00257169937235044,0.0002056512,5.0272305067483e-05,0.000399669795551395,0.397164
"PIPO_allothers_33",50,0.003211754,0.00114761905123193,0.00514335495291348,0.0006280291,0.000377241691085703,0.0016341021607751,0.3178663
"PIPO_allothers_33",55,0.007790747,0.0035934783834516,0.0122298382120393,0.002782559,0.00239038944552632,0.007912231487068,0.2914089
"PIPO_allothers_33",60,0.0243401,0.00854455110534017,0.0382946407180131,0.02595024,0.011574132322472,0.0501358017530241,0.335342
"PIPO_allothers_33",65,0.03398734,0.0170889567111054,0.142561811027425,0.1668101,0.0473223517207625,0.376217374792346,0.3336094
"PIPO_allothers_34",45,0.0006185552,0.000310735819859304,0.00253885561861386,0.0002056512,5.0272305067483e-05,0.000399669795551395,0.397164
"PIPO_allothers_34",50,0.003211754,0.00115609684131289,0.00510563814404028,0.0006280291,0.000377241691085703,0.0016341021607751,0.3159769
"PIPO_allothers_34",55,0.007790747,0.00362398715857851,0.0121863183449154,0.002782559,0.00239038944552632,0.007912231487068,0.293609
"PIPO_allothers_34",60,0.0243401,0.00864986118216659,0.0382001400005301,0.02595024,0.011574132322472,0.0501358017530241,0.3338326
"PIPO_allothers_34",65,0.03440533,0.0173948691168326,0.142124140088901,0.1668101,0.0473223517207625,0.376217374792346,0.3287524
"PIPO_allothers_35",45,0.0006185552,0.000308270910220266,0.00257169937235044,0.0002056512,5.0272305067483e-05,0.000399669795551395,0.4015338
"PIPO_allothers_35",50,0.003211754,0.00114761905123193,0.00514335495291348,0.0006280291,0.000377241691085703,0.0016341021607751,0.3178663
"PIPO_allothers_35",55,0.007790747,0.0035934783834516,0.0122298382120393,0.002782559,0.00239038944552632,0.007912231487068,0.2915788
"PIPO_allothers_35",60,0.0243401,0.00854455110534017,0.0382946407180131,0.02595024,0.011574132322472,0.0501358017530241,0.3338326
"PIPO_allothers_35",65,0.03398734,0.0170889567111054,0.142561811027425,0.1668101,0.0473223517207625,0.376217374792346,0.3337431
"PIPO_allothers_36",45,0.0006185552,0.000310735819859304,0.00253885561861386,0.0002056512,5.0272305067483e-05,0.000399669795551395,0.4014201
"PIPO_allothers_36",50,0.003211754,0.00115609684131289,0.00510563814404028,0.0006280291,0.000377241691085703,0.0016341021607751,0.3178663
"PIPO_allothers_36",55,0.007790747,0.00362398715857851,0.0121863183449154,0.002782559,0.00239038944552632,0.007912231487068,0.2938626
"PIPO_allothers_36",60,0.0243401,0.00864986118216659,0.0382001400005301,0.02595024,0.011574132322472,0.0501358017530241,0.3338326
"PIPO_allothers_36",65,0.03440533,0.0173948691168326,0.142124140088901,0.1668101,0.0473223517207625,0.376217374792346,0.3287524
"PIPO_allothers_37",45,0.0006185552,0.000308270910220266,0.00257169937235044,0.0002056512,5.0272305067483e-05,0.000399669795551395,0.397164
"PIPO_allothers_37",50,0.003211754,0.00114761905123193,0.00514335495291348,0.0006280291,0.000377241691085703,0.0016341021607751,0.3178663
"PIPO_allothers_37",55,0.007790747,0.0035934783834516,0.0122298382120393,0.002782559,0.00239038944552632,0.007912231487068,0.2914089
"PIPO_allothers_37",60,0.0243401,0.00854455110534017,0.0382946407180131,0.02595024,0.011574132322472,0.0501358017530241,0.3374092
"PIPO_allothers_37",65,0.03398734,0.0170889567111054,0.142561811027425,0.1668101,0.0473223517207625,0.376217374792346,0.3267826
"PIPO_allothers_38",45,0.0006185552,0.000310735819859304,0.00253885561861386,0.0002056512,5.0272305067483e-05,0.000399669795551395,0.3951083
"PIPO_allothers_38",50,0.003211754,0.00115609684131289,0.00510563814404028,0.0006280291,0.000377241691085703,0.0016341021607751,0.3178663
"PIPO_allothers_38",55,0.007790747,0.00362398715857851,0.0121863183449154,0.002782559,0.00239038944552632,0.007912231487068,0.2914089
"PIPO_allothers_38",60,0.0243401,0.00864986118216659,0.0382001400005301,0.02595024,0.011574132322472,0.0501358017530241,0.3353312
"PIPO_allothers_38",65,0.03440533,0.0173948691168326,0.142124140088901,0.1668101,0.0473223517207625,0.376217374792346,0.3317715
"PIPO_allothers_39",45,0.0006185552,0.000321050760500112,0.00240793814612324,0.0002056512,5.0272305067483e-05,0.000399669795551395,0.397164
"PIPO_allothers_39",50,0.003211754,0.00119161945036872,0.00495343721469565,0.0006280291,0.000377241691085703,0.0016341021607751,0.3178663
"PIPO_allothers_39",55,0.007790747,0.00375252256439489,0.0120100869043909,0.002782559,0.00239038944552632,0.007912231487068,0.2914089
"PIPO_allothers_39",60,0.0243401,0.00909835335660746,0.0378209017107979,0.02595024,0.011574132322472,0.0501358017530241,0.3360543
"PIPO_allothers_39",65,0.03619524,0.0187164783205207,0.140376936154477,0.1668101,0.0473223517207625,0.376217374792346,0.3125001
"PIPO_allothers_40",45,0.0006185552,0.000310735819859304,0.00253885561861386,0.0002056512,5.0272305067483e-05,0.000399669795551395,0.4023988
"PIPO_allothers_40",50,0.003211754,0.00115609684131289,0.00510563814404028,0.0006280291,0.000377241691085703,0.0016341021607751,0.3178663
"PIPO_allothers_40",55,0.007790747,0.00362398715857851,0.0121863183449154,0.002782559,0.00239038944552632,0.007912231487068,0.2914089
"PIPO_allothers_40",60,0.0243401,0.00864986118216659,0.0382001400005301,0.02595024,0.011574132322472,0.0501358017530241,0.3372951
"PIPO_allothers_40",65,0.03440533,0.0173948691168326,0.142124140088901,0.1668101,0.0473223517207625,0.376217374792346,0.3319967
"PIPO_allothers_41",45,0.0006185552,0.000310735819859304,0.00253885561861386,0.0002056512,5.0272305067483e-05,0.000399669795551395,0.397164
"PIPO_allothers_41",50,0.003211754,0.00115609684131289,0.00510563814404028,0.0006280291,0.000377241691085703,0.0016341021607751,0.3221338
"PIPO_allothers_41",55,0.007790747,0.00362398715857851,0.0121863183449154,0.002782559,0.00239038944552632,0.007912231487068,0.2920902
"PIPO_allothers_41",60,0.0243401,0.00864986118216659,0.0382001400005301,0.02595024,0.011574132322472,0.0501358017530241,0.3377522
"PIPO_allothers_41",65,0.03440533,0.0173948691168326,0.142124140088901,0.1668101,0.0473223517207625,0.376217374792346,0.3287524
"PIPO_allothers_42",45,0.0006185552,0.000310735819859304,0.00253885561861386,0.0002056512,5.0272305067483e-05,0.000399669795551395,0.4061163
"PIPO_allothers_42",50,0.003211754,0.00115609684131289,0.00510563814404028,0.0006280291,0.000377241691085703,0.0016341021607751,0.3098748
"PIPO_allothers_42",55,0.007790747,0.00362398715857851,0.0121863183449154,0.002782559,0.00239038944552632,0.007912231487068,0.2914089
"PIPO_allothers_42",60,0.0243401,0.00864986118216659,0.0382001400005301,0.02595024,0.011574132322472,0.0501358017530241,0.3338326
"PIPO_allothers_42",65,0.03440533,0.0173948691168326,0.142124140088901,0.1668101,0.0473223517207625,0.376217374792346,0.3287524
"PIPO_allothers_43",45,0.0006185552,0.000310735819859304,0.00253885561861386,0.0002056512,5.0272305067483e-05,0.000399669795551395,0.397164
"PIPO_allothers_43",50,0.003211754,0.00115609684131289,0.00510563814404028,0.0006280291,0.000377241691085703,0.0016341021607751,0.3188675
"PIPO_allothers_43",55,0.007790747,0.00362398715857851,0.0121863183449154,0.002782559,0.00239038944552632,0.007912231487068,0.2914089
"PIPO_allothers_43",60,0.0243401,0.00864986118216659,0.0382001400005301,0.02595024,0.011574132322472,0.0501358017530241,0.3389975
"PIPO_allothers_43",65,0.03440533,0.0173948691168326,0.142124140088901,0.1668101,0.0473223517207625,0.376217374792346,0.3287524
"PIPO_allothers_44",45,0.0006185552,0.000310735819859304,0.00253885561861386,0.0002056512,5.0272305067483e-05,0.000399669795551395,0.387815
"PIPO_allothers_44",50,0.003211754,0.00115609684131289,0.00510563814404028,0.0006280291,0.000377241691085703,0.0016341021607751,0.3178976
"PIPO_allothers_44",55,0.007790747,0.00362398715857851,0.0121863183449154,0.002782559,0.00239038944552632,0.007912231487068,0.2879803
"PIPO_allothers_44",60,0.0243401,0.00864986118216659,0.0382001400005301,0.02595024,0.011574132322472,0.0501358017530241,0.3338326
"PIPO_allothers_44",65,0.03440533,0.0173948691168326,0.142124140088901,0.1668101,0.0473223517207625,0.376217374792346,0.3287524
"PIPO_allothers_45",45,0.0006185552,0.000309602002153108,0.00199545363257711,0.0002056512,6.34803074041362e-05,0.000426269320265886,0.397164
"PIPO_allothers_45",50,0.002351571,0.00114498045514307,0.00427578309603362,0.0009111628,0.000447743947741106,0.0017212299368675,0.3195139
"PIPO_allothers_45",55,0.007790747,0.00363734239618985,0.0106659094576479,0.002782559,0.00270370761160426,0.00811810022923795,0.2914089
"PIPO_allothers_45",60,0.0243401,0.00907332383165402,0.033883167603396,0.02595024,0.0127519100797784,0.049021253089608,0.3338326
"PIPO_allothers_45",65,0.03398734,0.0194419775187264,0.125307861042319,0.1668101,0.0514908494185467,0.345760288176028,0.3328648
"PIPO_allothers_46",45,0.0006185552,0.000310735819859304,0.00253885561861386,0.0002056512,5.0272305067483e-05,0.000399669795551395,0.3951083
"PIPO_allothers_46",50,0.003211754,0.00115609684131289,0.00510563814404028,0.0006280291,0.000377241691085703,0.0016341021607751,0.318865
"PIPO_allothers_46",55,0.007790747,0.00362398715857851,0.0121863183449154,0.002782559,0.00239038944552632,0.007912231487068,0.2914089
"PIPO_allothers_46",60,0.0243401,0.00864986118216659,0.0382001400005301,0.02595024,0.011574132322472,0.0501358017530241,0.3362027
"PIPO_allothers_46",65,0.03440533,0.0173948691168326,0.142124140088901,0.1668101,0.0473223517207625,0.376217374792346,0.3287524
"PIPO_allothers_47",45,0.0006185552,0.000310735819859304,0.00253885561861386,0.0002056512,5.0272305067483e-05,0.000399669795551395,0.397164
"PIPO_allothers_47",50,0.003211754,0.00115609684131289,0.00510563814404028,0.0006280291,0.000377241691085703,0.0016341021607751,0.3178663
"PIPO_allothers_47",55,0.007790747,0.00362398715857851,0.0121863183449154,0.002782559,0.00239038944552632,0.007912231487068,0.292927
"PIPO_allothers_47",60,0.0243401,0.00864986118216659,0.0382001400005301,0.02595024,0.011574132322472,0.0501358017530241,0.3338326
"PIPO_allothers_47",65,0.03440533,0.0173948691168326,0.142124140088901,0.1668101,0.0473223517207625,0.376217374792346,0.3313817
"PIPO_allothers_48",45,0.0006185552,0.000310735819859304,0.00253885561861386,0.0002056512,5.0272305067483e-05,0.000399669795551395,0.3929691
"PIPO_allothers_48",50,0.003211754,0.00115609684131289,0.00510563814404028,0.0006280291,0.000377241691085703,0.0016341021607751,0.3256456
"PIPO_allothers_48",55,0.007790747,0.00362398715857851,0.0121863183449154,0.002782559,0.00239038944552632,0.007912231487068,0.2914089
"PIPO_allothers_48",60,0.0243401,0.00864986118216659,0.0382001400005301,0.02595024,0.011574132322472,0.0501358017530241,0.3338326
"PIPO_allothers_48",65,0.03440533,0.0173948691168326,0.142124140088901,0.1668101,0.0473223517207625,0.376217374792346,0.3287524
"PIPO_allothers_49",45,0.0004429795,0.000188893841855427,0.00281151978214786,0.0002983647,4.49722205655518e-05,0.000698272960905928,0.407516
"PIPO_allothers_49",50,0.003211754,0.000818283652686403,0.00552261164165012,0.0006280291,0.000345529579837719,0.00240273906060579,0.3178663
"PIPO_allothers_49",55,0.007790747,0.00284402125883672,0.0135208805700101,0.002782559,0.00212261693511976,0.0103405228645932,0.2922005
"PIPO_allothers_49",60,0.0243401,0.00696295055210716,0.0469930832090545,0.02595024,0.00913497820476805,0.0635226916337737,0.3338326
"PIPO_allothers_49",65,0.03398734,0.0136771834306371,0.203572924355747,0.1668101,0.0314332219335866,0.488056152761809,0.3310904
"PIPO_allothers_50",45,0.0006185552,0.000310735819859304,0.00253885561861386,0.0002056512,5.0272305067483e-05,0.000399669795551395,0.397164
"PIPO_allothers_50",50,0.003211754,0.00115609684131289,0.00510563814404028,0.0006280291,0.000377241691085703,0.0016341021607751,0.3178663
"PIPO_allothers_50",55,0.007790747,0.00362398715857851,0.0121863183449154,0.002782559,0.00239038944552632,0.007912231487068,0.2972272
"PIPO_allothers_50",60,0.0243401,0.00864986118216659,0.0382001400005301,0.02595024,0.011574132322472,0.0501358017530241,0.3338326
"PIPO_allothers_50",65,0.03440533,0.0173948691168326,0.142124140088901,0.1668101,0.0473223517207625,0.376217374792346,0.3287524
"PIPO_allothers_51",45,0.0006185552,0.000310735819859304,0.00253885561861386,0.0002056512,5.0272305067483e-05,0.000399669795551395,0.397164
"PIPO_allothers_51",50,0.003211754,0.00115609684131289,0.00510563814404028,0.0006280291,0.000377241691085703,0.0016341021607751,0.3178663
"PIPO_allothers_51",55,0.007790747,0.00362398715857851,0.0121863183449154,0.002782559,0.00239038944552632,0.007912231487068,0.2914089
"PIPO_allothers_51",60,0.0243401,0.00864986118216659,0.0382001400005301,0.02595024,0.011574132322472,0.0501358017530241,0.3354737
"PIPO_allothers_51",65,0.03440533,0.0173948691168326,0.142124140088901,0.1668101,0.0473223517207625,0.376217374792346,0.3252315
"PIPO_allothers_52",45,0.0004429795,0.000190257360245718,0.00277775575373658,0.0002983647,4.49722205655518e-05,0.000698272960905928,0.4015124
"PIPO_allothers_52",50,0.003211754,0.000823878906443705,0.00548510562796732,0.0006280291,0.000345529579837719,0.00240273906060579,0.3178663
"PIPO_allothers_52",55,0.007790747,0.00286688965489475,0.0134787698635461,0.002782559,0.00212261693511976,0.0103405228645932,0.2938888
"PIPO_allothers_52",60,0.0243401,0.00704492283347832,0.046902700846302,0.02595024,0.00913497820476805,0.0635226916337737,0.3338326
"PIPO_allothers_52",65,0.03440533,0.0139112828154624,0.203104604376941,0.1668101,0.0314332219335866,0.488056152761809,0.3287524
"PIPO_allothers_53",45,0.0006185552,0.000310735819859304,0.00253885561861386,0.0002056512,5.0272305067483e-05,0.000399669795551395,0.397164
"PIPO_allothers_53",50,0.003211754,0.00115609684131289,0.00510563814404028,0.0006280291,0.000377241691085703,0.0016341021607751,0.3178663
"PIPO_allothers_53",55,0.007790747,0.00362398715857851,0.0121863183449154,0.002782559,0.00239038944552632,0.007912231487068,0.2882138
"PIPO_allothers_53",60,0.0243401,0.00864986118216659,0.0382001400005301,0.02595024,0.011574132322472,0.0501358017530241,0.3372951
"PIPO_allothers_53",65,0.03440533,0.0173948691168326,0.142124140088901,0.1668101,0.0473223517207625,0.376217374792346,0.3317715
"PIPO_allothers_54",45,0.0006185552,0.000312533107230962,0.00196709779177601,0.0002056512,6.34803074041362e-05,0.000426269320265886,0.387815
"PIPO_allothers_54",50,0.002351571,0.00115462906923526,0.00424005267651207,0.0009111628,0.000447743947741106,0.0017212299368675,0.3195139
"PIPO_allothers_54",55,0.007790747,0.00367131413599583,0.0106190080861677,0.002782559,0.00270370761160426,0.00811810022923795,0.2914089
"PIPO_allothers_54",60,0.0243401,0.00919462975376797,0.0337647089751714,0.02595024,0.0127519100797784,0.049021253089608,0.3338326
"PIPO_allothers_54",65,0.03440533,0.0198189000363845,0.124741070929778,0.1668101,0.0514908494185467,0.345760288176028,0.3249868
"PIPO_allothers_55",45,0.0006185552,0.000310735819859304,0.00253885561861386,0.0002056512,5.0272305067483e-05,0.000399669795551395,0.398878
"PIPO_allothers_55",50,0.003211754,0.00115609684131289,0.00510563814404028,0.0006280291,0.000377241691085703,0.0016341021607751,0.3178663
"PIPO_allothers_55",55,0.007790747,0.00362398715857851,0.0121863183449154,0.002782559,0.00239038944552632,0.007912231487068,0.2938423
"PIPO_allothers_55",60,0.0243401,0.00864986118216659,0.0382001400005301,0.02595024,0.011574132322472,0.0501358017530241,0.3338326
"PIPO_allothers_55",65,0.03440533,0.0173948691168326,0.142124140088901,0.1668101,0.0473223517207625,0.376217374792346,0.3287524
"PIPO_allothers_56",45,0.0006185552,0.000305632364762154,0.00260756510876759,0.0002056512,5.0272305067483e-05,0.000399669795551395,0.3940502
"PIPO_allothers_56",50,0.003211754,0.00113854775761133,0.00518433424663296,0.0006280291,0.000377241691085703,0.0016341021607751,0.3171685
"PIPO_allothers_56",55,0.007790747,0.00356090267671236,0.0122770460579252,0.002782559,0.00239038944552632,0.007912231487068,0.2914089
"PIPO_allothers_56",60,0.0243401,0.00843259020156341,0.0383974812453239,0.02595024,0.011574132322472,0.0501358017530241,0.3338326
"PIPO_allothers_56",65,0.03354384,0.016765589485299,0.14303906002824,0.1668101,0.0473223517207625,0.376217374792346,0.3310845
"PIPO_allothers_57",45,0.0006185552,0.000310735819859304,0.00253885561861386,0.0002056512,5.0272305067483e-05,0.000399669795551395,0.3989751
"PIPO_allothers_57",50,0.003211754,0.00115609684131289,0.00510563814404028,0.0006280291,0.000377241691085703,0.0016341021607751,0.3178663
"PIPO_allothers_57",55,0.007790747,0.00362398715857851,0.0121863183449154,0.002782559,0.00239038944552632,0.007912231487068,0.294098
"PIPO_allothers_57",60,0.0243401,0.00864986118216659,0.0382001400005301,0.02595024,0.011574132322472,0.0501358017530241,0.3338326
"PIPO_allothers_57",65,0.03440533,0.0173948691168326,0.142124140088901,0.1668101,0.0473223517207625,0.376217374792346,0.3299646
"PIPO_allothers_58",45,0.0006185552,0.000310735819859304,0.00253885561861386,0.0002056512,5.0272305067483e-05,0.000399669795551395,0.397164
"PIPO_allothers_58",50,0.003211754,0.00115609684131289,0.00510563814404028,0.0006280291,0.000377241691085703,0.0016341021607751,0.3178663
"PIPO_allothers_58",55,0.007790747,0.00362398715857851,0.0121863183449154,0.002782559,0.00239038944552632,0.007912231487068,0.2892121
"PIPO_allothers_58",60,0.0243401,0.00864986118216659,0.0382001400005301,0.02595024,0.011574132322472,0.0501358017530241,0.3352963
"PIPO_allothers_58",65,0.03440533,0.0173948691168326,0.142124140088901,0.1668101,0.0473223517207625,0.376217374792346,0.3313817
"PIPO_allothers_59",45,0.0006185552,0.000310735819859304,0.00253885561861386,0.0002056512,5.0272305067483e-05,0.000399669795551395,0.397164
"PIPO_allothers_59",50,0.003211754,0.00115609684131289,0.00510563814404028,0.0006280291,0.000377241691085703,0.0016341021607751,0.316095
"PIPO_allothers_59",55,0.007790747,0.00362398715857851,0.0121863183449154,0.002782559,0.00239038944552632,0.007912231487068,0.2914089
"PIPO_allothers_59",60,0.0243401,0.00864986118216659,0.0382001400005301,0.02595024,0.011574132322472,0.0501358017530241,0.3338326
"PIPO_allothers_59",65,0.03440533,0.0173948691168326,0.142124140088901,0.1668101,0.0473223517207625,0.376217374792346,0.3317929
"PIPO_allothers_60",45,0.0006185552,0.000310735819859304,0.00253885561861386,0.0002056512,5.0272305067483e-05,0.000399669795551395,0.4024568
"PIPO_allothers_60",50,0.003211754,0.00115609684131289,0.00510563814404028,0.0006280291,0.000377241691085703,0.0016341021607751,0.3178663
"PIPO_allothers_60",55,0.007790747,0.00362398715857851,0.0121863183449154,0.002782559,0.00239038944552632,0.007912231487068,0.290204
"PIPO_allothers_60",60,0.0243401,0.00864986118216659,0.0382001400005301,0.02595024,0.011574132322472,0.0501358017530241,0.3338326
"PIPO_allothers_60",65,0.03440533,0.0173948691168326,0.142124140088901,0.1668101,0.0473223517207625,0.376217374792346,0.3316277
"PIPO_allothers_61",45,0.0006185552,0.000310735819859304,0.00253885561861386,0.0002056512,5.0272305067483e-05,0.000399669795551395,0.397164
"PIPO_allothers_61",50,0.003211754,0.00115609684131289,0.00510563814404028,0.0006280291,0.000377241691085703,0.0016341021607751,0.3178663
"PIPO_allothers_61",55,0.007790747,0.00362398715857851,0.0121863183449154,0.002782559,0.00239038944552632,0.007912231487068,0.288132
"PIPO_allothers_61",60,0.0243401,0.00864986118216659,0.0382001400005301,0.02595024,0.011574132322472,0.0501358017530241,0.3397418
"PIPO_allothers_61",65,0.03440533,0.0173948691168326,0.142124140088901,0.1668101,0.0473223517207625,0.376217374792346,0.3287524
"PIPO_allothers_62",45,0.0006185552,0.000310735819859304,0.00253885561861386,0.0002056512,5.0272305067483e-05,0.000399669795551395,0.397164
"PIPO_allothers_62",50,0.003211754,0.00115609684131289,0.00510563814404028,0.0006280291,0.000377241691085703,0.0016341021607751,0.3220867
"PIPO_allothers_62",55,0.007790747,0.00362398715857851,0.0121863183449154,0.002782559,0.00239038944552632,0.007912231487068,0.277381
"PIPO_allothers_62",60,0.0243401,0.00864986118216659,0.0382001400005301,0.02595024,0.011574132322472,0.0501358017530241,0.3352302
"PIPO_allothers_62",65,0.03440533,0.0173948691168326,0.142124140088901,0.1668101,0.0473223517207625,0.376217374792346,0.3287524
"PIPO_allothers_63",45,0.0006185552,0.000310735819859304,0.00253885561861386,0.0002056512,5.0272305067483e-05,0.000399669795551395,0.4006578
"PIPO_allothers_63",50,0.003211754,0.00115609684131289,0.00510563814404028,0.0006280291,0.000377241691085703,0.0016341021607751,0.3178663
"PIPO_allothers_63",55,0.007790747,0.00362398715857851,0.0121863183449154,0.002782559,0.00239038944552632,0.007912231487068,0.2914089
"PIPO_allothers_63",60,0.0243401,0.00864986118216659,0.0382001400005301,0.02595024,0.011574132322472,0.0501358017530241,0.3380474
"PIPO_allothers_63",65,0.03440533,0.0173948691168326,0.142124140088901,0.1668101,0.0473223517207625,0.376217374792346,0.3287524
"PIPO_allothers_64",45,0.0006185552,0.000310075609638018,0.00235216168144403,0.0002056512,7.33683176936956e-05,0.000317810355990961,0.397164
"PIPO_allothers_64",50,0.003211754,0.00114116388874278,0.00478191310203398,0.0006280291,0.000503708829672363,0.00142025328384172,0.3178663
"PIPO_allothers_64",55,0.006402399,0.0035599862360204,0.0114687557663688,0.004037017,0.00306845176600773,0.00715310870806326,0.2970167
"PIPO_allothers_64",60,0.0243401,0.00853813354642229,0.0357780447447679,0.02595024,0.0154542638960362,0.0435747156983106,0.3376969
"PIPO_allothers_64",65,0.03440533,0.017357910808022,0.131673086832647,0.1668101,0.069063102047959,0.2991614055993,0.3287524
"PIPO_allothers_65",45,0.0006185552,0.000310735819859304,0.00253885561861386,0.0002056512,5.0272305067483e-05,0.000399669795551395,0.397164
"PIPO_allothers_65",50,0.003211754,0.00115609684131289,0.00510563814404028,0.0006280291,0.000377241691085703,0.0016341021607751,0.3178663
"PIPO_allothers_65",55,0.007790747,0.00362398715857851,0.0121863183449154,0.002782559,0.00239038944552632,0.007912231487068,0.2938888
"PIPO_allothers_65",60,0.0243401,0.00864986118216659,0.0382001400005301,0.02595024,0.011574132322472,0.0501358017530241,0.3362437
"PIPO_allothers_65",65,0.03440533,0.0173948691168326,0.142124140088901,0.1668101,0.0473223517207625,0.376217374792346,0.3309479
"PIPO_allothers_66",45,0.0006185552,0.000310735819859304,0.00253885561861386,0.0002056512,5.0272305067483e-05,0.000399669795551395,0.397164
"PIPO_allothers_66",50,0.003211754,0.00115609684131289,0.00510563814404028,0.0006280291,0.000377241691085703,0.0016341021607751,0.3172507
"PIPO_allothers_66",55,0.007790747,0.00362398715857851,0.0121863183449154,0.002782559,0.00239038944552632,0.007912231487068,0.288132
"PIPO_allothers_66",60,0.0243401,0.00864986118216659,0.0382001400005301,0.02595024,0.011574132322472,0.0501358017530241,0.3377522
"PIPO_allothers_66",65,0.03440533,0.0173948691168326,0.142124140088901,0.1668101,0.0473223517207625,0.376217374792346,0.3287524
"PIPO_allothers_67",45,0.0006185552,0.000310735819859304,0.00253885561861386,0.0002056512,5.0272305067483e-05,0.000399669795551395,0.3972378
"PIPO_allothers_67",50,0.003211754,0.00115609684131289,0.00510563814404028,0.0006280291,0.000377241691085703,0.0016341021607751,0.3186233
"PIPO_allothers_67",55,0.007790747,0.00362398715857851,0.0121863183449154,0.002782559,0.00239038944552632,0.007912231487068,0.2914089
"PIPO_allothers_67",60,0.0243401,0.00864986118216659,0.0382001400005301,0.02595024,0.011574132322472,0.0501358017530241,0.3338326
"PIPO_allothers_67",65,0.03440533,0.0173948691168326,0.142124140088901,0.1668101,0.0473223517207625,0.376217374792346,0.3314156
"PIPO_allothers_68",45,0.0006185552,0.000308270910220266,0.00257169937235044,0.0002056512,5.0272305067483e-05,0.000399669795551395,0.397164
"PIPO_allothers_68",50,0.003211754,0.00114761905123193,0.00514335495291348,0.0006280291,0.000377241691085703,0.0016341021607751,0.3178663
"PIPO_allothers_68",55,0.007790747,0.0035934783834516,0.0122298382120393,0.002782559,0.00239038944552632,0.007912231487068,0.2892577
"PIPO_allothers_68",60,0.0243401,0.00854455110534017,0.0382946407180131,0.02595024,0.011574132322472,0.0501358017530241,0.335365
"PIPO_allothers_68",65,0.03398734,0.0170889567111054,0.142561811027425,0.1668101,0.0473223517207625,0.376217374792346,0.3308918
"PIPO_allothers_69",45,0.0006185552,0.000290564595458246,0.00271510498693137,0.0002056512,5.0272305067483e-05,0.000399669795551395,0.397164
"PIPO_allothers_69",50,0.003211754,0.00111275734043509,0.00540354364329172,0.0006280291,0.000377241691085703,0.0016341021607751,0.3178663
"PIPO_allothers_69",55,0.007790747,0.00355134258984832,0.0129043570213203,0.002782559,0.00239038944552632,0.007912231487068,0.2926532
"PIPO_allothers_69",60,0.02669911,0.00848106274505922,0.0411839949458382,0.02595024,0.011574132322472,0.0501358017530241,0.3146701
"PIPO_allothers_69",65,0.03440533,0.0168788289605766,0.157719809642151,0.1668101,0.0473223517207625,0.376217374792346,0.3287524
"PIPO_allothers_70",45,0.0006185552,0.000321050760500112,0.00240793814612324,0.0002056512,5.0272305067483e-05,0.000399669795551395,0.388399
"PIPO_allothers_70",50,0.003211754,0.00119161945036872,0.00495343721469565,0.0006280291,0.000377241691085703,0.0016341021607751,0.3178663
"PIPO_allothers_70",55,0.007790747,0.00375252256439489,0.0120100869043909,0.002782559,0.00239038944552632,0.007912231487068,0.2914089
"PIPO_allothers_70",60,0.0243401,0.00909835335660746,0.0378209017107979,0.02595024,0.011574132322472,0.0501358017530241,0.3338326
"PIPO_allothers_70",65,0.03619524,0.0187164783205207,0.140376936154477,0.1668101,0.0473223517207625,0.376217374792346,0.3163408
"PIPO_allothers_71",45,0.0006185552,0.000310735819859304,0.00253885561861386,0.0002056512,5.0272305067483e-05,0.000399669795551395,0.3948222
"PIPO_allothers_71",50,0.003211754,0.00115609684131289,0.00510563814404028,0.0006280291,0.000377241691085703,0.0016341021607751,0.3178663
"PIPO_allothers_71",55,0.007790747,0.00362398715857851,0.0121863183449154,0.002782559,0.00239038944552632,0.007912231487068,0.2914089
"PIPO_allothers_71",60,0.0243401,0.00864986118216659,0.0382001400005301,0.02595024,0.011574132322472,0.0501358017530241,0.3338326
"PIPO_allothers_71",65,0.03440533,0.0173948691168326,0.142124140088901,0.1668101,0.0473223517207625,0.376217374792346,0.3287524
"PIPO_allothers_72",45,0.0006185552,0.000308270910220266,0.00257169937235044,0.0002056512,5.0272305067483e-05,0.000399669795551395,0.397164
"PIPO_allothers_72",50,0.003211754,0.00114761905123193,0.00514335495291348,0.0006280291,0.000377241691085703,0.0016341021607751,0.3178663
"PIPO_allothers_72",55,0.007790747,0.0035934783834516,0.0122298382120393,0.002782559,0.00239038944552632,0.007912231487068,0.2763213
"PIPO_allothers_72",60,0.0243401,0.00854455110534017,0.0382946407180131,0.02595024,0.011574132322472,0.0501358017530241,0.3355506
"PIPO_allothers_72",65,0.03398734,0.0170889567111054,0.142561811027425,0.1668101,0.0473223517207625,0.376217374792346,0.3333137
"PIPO_allothers_73",45,0.0006185552,0.000310735819859304,0.00253885561861386,0.0002056512,5.0272305067483e-05,0.000399669795551395,0.3982109
"PIPO_allothers_73",50,0.003211754,0.00115609684131289,0.00510563814404028,0.0006280291,0.000377241691085703,0.0016341021607751,0.3178663
"PIPO_allothers_73",55,0.007790747,0.00362398715857851,0.0121863183449154,0.002782559,0.00239038944552632,0.007912231487068,0.2914089
"PIPO_allothers_73",60,0.0243401,0.00864986118216659,0.0382001400005301,0.02595024,0.011574132322472,0.0501358017530241,0.3307513
"PIPO_allothers_73",65,0.03440533,0.0173948691168326,0.142124140088901,0.1668101,0.0473223517207625,0.376217374792346,0.3316277
"PIPO_allothers_74",45,0.0006185552,0.000310735819859304,0.00253885561861386,0.0002056512,5.0272305067483e-05,0.000399669795551395,0.4024568
"PIPO_allothers_74",50,0.003211754,0.00115609684131289,0.00510563814404028,0.0006280291,0.000377241691085703,0.0016341021607751,0.3189634
"PIPO_allothers_74",55,0.007790747,0.00362398715857851,0.0121863183449154,0.002782559,0.00239038944552632,0.007912231487068,0.2914089
"PIPO_allothers_74",60,0.0243401,0.00864986118216659,0.0382001400005301,0.02595024,0.011574132322472,0.0501358017530241,0.3338326
"PIPO_allothers_74",65,0.03440533,0.0173948691168326,0.142124140088901,0.1668101,0.0473223517207625,0.376217374792346,0.3287524
"PIPO_allothers_75",45,0.0006185552,0.000310735819859304,0.00253885561861386,0.0002056512,5.0272305067483e-05,0.000399669795551395,0.4061163
"PIPO_allothers_75",50,0.003211754,0.00115609684131289,0.00510563814404028,0.0006280291,0.000377241691085703,0.0016341021607751,0.3178663
"PIPO_allothers_75",55,0.007790747,0.00362398715857851,0.0121863183449154,0.002782559,0.00239038944552632,0.007912231487068,0.2914089
"PIPO_allothers_75",60,0.0243401,0.00864986118216659,0.0382001400005301,0.02595024,0.011574132322472,0.0501358017530241,0.3377522
"PIPO_allothers_75",65,0.03440533,0.0173948691168326,0.142124140088901,0.1668101,0.0473223517207625,0.376217374792346,0.3287524
"PIPO_allothers_76",45,0.0006185552,0.000310735819859304,0.00253885561861386,0.0002056512,5.0272305067483e-05,0.000399669795551395,0.4015338
"PIPO_allothers_76",50,0.003211754,0.00115609684131289,0.00510563814404028,0.0006280291,0.000377241691085703,0.0016341021607751,0.3178663
"PIPO_allothers_76",55,0.007790747,0.00362398715857851,0.0121863183449154,0.002782559,0.00239038944552632,0.007912231487068,0.2921433
"PIPO_allothers_76",60,0.0243401,0.00864986118216659,0.0382001400005301,0.02595024,0.011574132322472,0.0501358017530241,0.3374092
"PIPO_allothers_76",65,0.03440533,0.0173948691168326,0.142124140088901,0.1668101,0.0473223517207625,0.376217374792346,0.3287524
"PIPO_allothers_77",45,0.0006185552,0.000310735819859304,0.00253885561861386,0.0002056512,5.0272305067483e-05,0.000399669795551395,0.397164
"PIPO_allothers_77",50,0.003211754,0.00115609684131289,0.00510563814404028,0.0006280291,0.000377241691085703,0.0016341021607751,0.321605
"PIPO_allothers_77",55,0.007790747,0.00362398715857851,0.0121863183449154,0.002782559,0.00239038944552632,0.007912231487068,0.2951734
"PIPO_allothers_77",60,0.0243401,0.00864986118216659,0.0382001400005301,0.02595024,0.011574132322472,0.0501358017530241,0.3338326
"PIPO_allothers_77",65,0.03440533,0.0173948691168326,0.142124140088901,0.1668101,0.0473223517207625,0.376217374792346,0.3287524
"PIPO_allothers_78",45,0.0006185552,0.000310735819859304,0.00253885561861386,0.0002056512,5.0272305067483e-05,0.000399669795551395,0.397164
"PIPO_allothers_78",50,0.003211754,0.00115609684131289,0.00510563814404028,0.0006280291,0.000377241691085703,0.0016341021607751,0.3138109
"PIPO_allothers_78",55,0.007790747,0.00362398715857851,0.0121863183449154,0.002782559,0.00239038944552632,0.007912231487068,0.2939683
"PIPO_allothers_78",60,0.0243401,0.00864986118216659,0.0382001400005301,0.02595024,0.011574132322472,0.0501358017530241,0.3338326
"PIPO_allothers_78",65,0.03440533,0.0173948691168326,0.142124140088901,0.1668101,0.0473223517207625,0.376217374792346,0.3287524
"PIPO_allothers_79",45,0.0006185552,0.000310735819859304,0.00253885561861386,0.0002056512,5.0272305067483e-05,0.000399669795551395,0.397164
"PIPO_allothers_79",50,0.003211754,0.00115609684131289,0.00510563814404028,0.0006280291,0.000377241691085703,0.0016341021607751,0.3178663
"PIPO_allothers_79",55,0.007790747,0.00362398715857851,0.0121863183449154,0.002782559,0.00239038944552632,0.007912231487068,0.2961943
"PIPO_allothers_79",60,0.0243401,0.00864986118216659,0.0382001400005301,0.02595024,0.011574132322472,0.0501358017530241,0.3338326
"PIPO_allothers_79",65,0.03440533,0.0173948691168326,0.142124140088901,0.1668101,0.0473223517207625,0.376217374792346,0.3287524
"PIPO_allothers_80",45,0.0006185552,0.000310735819859304,0.00253885561861386,0.0002056512,5.0272305067483e-05,0.000399669795551395,0.4023588
"PIPO_allothers_80",50,0.003211754,0.00115609684131289,0.00510563814404028,0.0006280291,0.000377241691085703,0.0016341021607751,0.3196188
"PIPO_allothers_80",55,0.007790747,0.00362398715857851,0.0121863183449154,0.002782559,0.00239038944552632,0.007912231487068,0.2914089
"PIPO_allothers_80",60,0.0243401,0.00864986118216659,0.0382001400005301,0.02595024,0.011574132322472,0.0501358017530241,0.3238376
"PIPO_allothers_80",65,0.03440533,0.0173948691168326,0.142124140088901,0.1668101,0.0473223517207625,0.376217374792346,0.3287524
"PIPO_allothers_81",45,0.0006185552,0.000308270910220266,0.00257169937235044,0.0002056512,5.0272305067483e-05,0.000399669795551395,0.397164
"PIPO_allothers_81",50,0.003211754,0.00114761905123193,0.00514335495291348,0.0006280291,0.000377241691085703,0.0016341021607751,0.3178663
"PIPO_allothers_81",55,0.007790747,0.0035934783834516,0.0122298382120393,0.002782559,0.00239038944552632,0.007912231487068,0.2965801
"PIPO_allothers_81",60,0.0243401,0.00854455110534017,0.0382946407180131,0.02595024,0.011574132322472,0.0501358017530241,0.3338326
"PIPO_allothers_81",65,0.03398734,0.0170889567111054,0.142561811027425,0.1668101,0.0473223517207625,0.376217374792346,0.3333137
"PIPO_allothers_82",45,0.0006185552,0.000310735819859304,0.00253885561861386,0.0002056512,5.0272305067483e-05,0.000399669795551395,0.4014621
"PIPO_allothers_82",50,0.003211754,0.00115609684131289,0.00510563814404028,0.0006280291,0.000377241691085703,0.0016341021607751,0.3178663
"PIPO_allothers_82",55,0.007790747,0.00362398715857851,0.0121863183449154,0.002782559,0.00239038944552632,0.007912231487068,0.2965809
"PIPO_allothers_82",60,0.0243401,0.00864986118216659,0.0382001400005301,0.02595024,0.011574132322472,0.0501358017530241,0.3338326
"PIPO_allothers_82",65,0.03440533,0.0173948691168326,0.142124140088901,0.1668101,0.0473223517207625,0.376217374792346,0.3287524
"PIPO_allothers_83",45,0.0006185552,0.000310735819859304,0.00253885561861386,0.0002056512,5.0272305067483e-05,0.000399669795551395,0.397164
"PIPO_allothers_83",50,0.003211754,0.00115609684131289,0.00510563814404028,0.0006280291,0.000377241691085703,0.0016341021607751,0.3178663
"PIPO_allothers_83",55,0.007790747,0.00362398715857851,0.0121863183449154,0.002782559,0.00239038944552632,0.007912231487068,0.2916758
"PIPO_allothers_83",60,0.0243401,0.00864986118216659,0.0382001400005301,0.02595024,0.011574132322472,0.0501358017530241,0.3338326
"PIPO_allothers_83",65,0.03440533,0.0173948691168326,0.142124140088901,0.1668101,0.0473223517207625,0.376217374792346,0.3316593
"PIPO_allothers_84",45,0.0006185552,0.000310735819859304,0.00253885561861386,0.0002056512,6.22251053303608e-05,0.000374723559574715,0.397164
"PIPO_allothers_84",50,0.003211754,0.00115609684131289,0.00510563814404028,0.0006280291,0.000416167180677942,0.00148125919380136,0.3214485
"PIPO_allothers_84",55,0.007790747,0.00362398715857851,0.0121863183449154,0.002782559,0.00240418271999491,0.00677881316063535,0.2914089
"PIPO_allothers_84",60,0.0243401,0.00864986118216659,0.0382001400005301,0.02595024,0.0110024670436301,0.0391609579504197,0.3338326
"PIPO_allothers_84",65,0.03440533,0.0173948691168326,0.142124140088901,0.1149757,0.0434920758154895,0.261912059069215,0.3114085
"PIPO_allothers_85",45,0.0006185552,0.000310735819859304,0.00253885561861386,0.0002056512,5.0272305067483e-05,0.000399669795551395,0.397164
"PIPO_allothers_85",50,0.003211754,0.00115609684131289,0.00510563814404028,0.0006280291,0.000377241691085703,0.0016341021607751,0.3186233
"PIPO_allothers_85",55,0.007790747,0.00362398715857851,0.0121863183449154,0.002782559,0.00239038944552632,0.007912231487068,0.2914089
"PIPO_allothers_85",60,0.0243401,0.00864986118216659,0.0382001400005301,0.02595024,0.011574132322472,0.0501358017530241,0.3359759
"PIPO_allothers_85",65,0.03440533,0.0173948691168326,0.142124140088901,0.1668101,0.0473223517207625,0.376217374792346,0.3284061
"PIPO_allothers_86",45,0.0006185552,0.000305632364762154,0.00260756510876759,0.0002056512,5.0272305067483e-05,0.000399669795551395,0.3974768
"PIPO_allothers_86",50,0.003211754,0.00113854775761133,0.00518433424663296,0.0006280291,0.000377241691085703,0.0016341021607751,0.3178663
"PIPO_allothers_86",55,0.007790747,0.00356090267671236,0.0122770460579252,0.002782559,0.00239038944552632,0.007912231487068,0.2914089
"PIPO_allothers_86",60,0.0243401,0.00843259020156341,0.0383974812453239,0.02595024,0.011574132322472,0.0501358017530241,0.3338326
"PIPO_allothers_86",65,0.03354384,0.016765589485299,0.14303906002824,0.1668101,0.0473223517207625,0.376217374792346,0.3267796
"PIPO_allothers_87",45,0.0006185552,0.000310735819859304,0.00253885561861386,0.0002056512,5.0272305067483e-05,0.000399669795551395,0.3930343
"PIPO_allothers_87",50,0.003211754,0.00115609684131289,0.00510563814404028,0.0006280291,0.000377241691085703,0.0016341021607751,0.3178663
"PIPO_allothers_87",55,0.007790747,0.00362398715857851,0.0121863183449154,0.002782559,0.00239038944552632,0.007912231487068,0.2914089
"PIPO_allothers_87",60,0.0243401,0.00864986118216659,0.0382001400005301,0.02595024,0.011574132322472,0.0501358017530241,0.333612
"PIPO_allothers_87",65,0.03440533,0.0173948691168326,0.142124140088901,0.1668101,0.0473223517207625,0.376217374792346,0.328682
"PIPO_allothers_88",45,0.0006185552,0.000310735819859304,0.00253885561861386,0.0002056512,5.0272305067483e-05,0.000399669795551395,0.397164
"PIPO_allothers_88",50,0.003211754,0.00115609684131289,0.00510563814404028,0.0006280291,0.000377241691085703,0.0016341021607751,0.3178663
"PIPO_allothers_88",55,0.007790747,0.00362398715857851,0.0121863183449154,0.002782559,0.00239038944552632,0.007912231487068,0.2914089
"PIPO_allothers_88",60,0.0243401,0.00864986118216659,0.0382001400005301,0.02595024,0.011574132322472,0.0501358017530241,0.3331435
"PIPO_allothers_88",65,0.03440533,0.0173948691168326,0.142124140088901,0.1668101,0.0473223517207625,0.376217374792346,0.329514
"PIPO_allothers_89",45,0.0006185552,0.000310735819859304,0.00253885561861386,0.0002056512,5.0272305067483e-05,0.000399669795551395,0.3973561
"PIPO_allothers_89",50,0.003211754,0.00115609684131289,0.00510563814404028,0.0006280291,0.000377241691085703,0.0016341021607751,0.3178663
"PIPO_allothers_89",55,0.007790747,0.00362398715857851,0.0121863183449154,0.002782559,0.00239038944552632,0.007912231487068,0.2966012
"PIPO_allothers_89",60,0.0243401,0.00864986118216659,0.0382001400005301,0.02595024,0.011574132322472,0.0501358017530241,0.3338326
"PIPO_allothers_89",65,0.03440533,0.0173948691168326,0.142124140088901,0.1668101,0.0473223517207625,0.376217374792346,0.3287524
"PIPO_allothers_90",45,0.0006185552,0.000310735819859304,0.00253885561861386,0.0002056512,5.0272305067483e-05,0.000399669795551395,0.387815
"PIPO_allothers_90",50,0.003211754,0.00115609684131289,0.00510563814404028,0.0006280291,0.000377241691085703,0.0016341021607751,0.3178663
"PIPO_allothers_90",55,0.007790747,0.00362398715857851,0.0121863183449154,0.002782559,0.00239038944552632,0.007912231487068,0.2914089
"PIPO_allothers_90",60,0.0243401,0.00864986118216659,0.0382001400005301,0.02595024,0.011574132322472,0.0501358017530241,0.3337434
"PIPO_allothers_90",65,0.03440533,0.0173948691168326,0.142124140088901,0.1668101,0.0473223517207625,0.376217374792346,0.3317929
"PIPO_allothers_91",45,0.0006185552,0.000308270910220266,0.00257169937235044,0.0002056512,5.0272305067483e-05,0.000399669795551395,0.397164
"PIPO_allothers_91",50,0.003211754,0.00114761905123193,0.00514335495291348,0.0006280291,0.000377241691085703,0.0016341021607751,0.3168363
"PIPO_allothers_91",55,0.007790747,0.0035934783834516,0.0122298382120393,0.002782559,0.00239038944552632,0.007912231487068,0.2938626
"PIPO_allothers_91",60,0.0243401,0.00854455110534017,0.0382946407180131,0.02595024,0.011574132322472,0.0501358017530241,0.3338326
"PIPO_allothers_91",65,0.03398734,0.0170889567111054,0.142561811027425,0.1668101,0.0473223517207625,0.376217374792346,0.3333137
"PIPO_allothers_92",45,0.0004429795,0.000190257360245718,0.00277775575373658,0.0002983647,4.49722205655518e-05,0.000698272960905928,0.4016545
"PIPO_allothers_92",50,0.003211754,0.000823878906443705,0.00548510562796732,0.0006280291,0.000345529579837719,0.00240273906060579,0.3196188
"PIPO_allothers_92",55,0.007790747,0.00286688965489475,0.0134787698635461,0.002782559,0.00212261693511976,0.0103405228645932,0.2938888
"PIPO_allothers_92",60,0.0243401,0.00704492283347832,0.046902700846302,0.02595024,0.00913497820476805,0.0635226916337737,0.3338326
"PIPO_allothers_92",65,0.03440533,0.0139112828154624,0.203104604376941,0.1668101,0.0314332219335866,0.488056152761809,0.3287524
"PIPO_allothers_93",45,0.0006185552,0.000308270910220266,0.00257169937235044,0.0002056512,5.0272305067483e-05,0.000399669795551395,0.397164
"PIPO_allothers_93",50,0.003211754,0.00114761905123193,0.00514335495291348,0.0006280291,0.000377241691085703,0.0016341021607751,0.3178663
"PIPO_allothers_93",55,0.007790747,0.0035934783834516,0.0122298382120393,0.002782559,0.00239038944552632,0.007912231487068,0.2914089
"PIPO_allothers_93",60,0.0243401,0.00854455110534017,0.0382946407180131,0.02595024,0.011574132322472,0.0501358017530241,0.3307513
"PIPO_allothers_93",65,0.03398734,0.0170889567111054,0.142561811027425,0.1668101,0.0473223517207625,0.376217374792346,0.3322892
"PIPO_allothers_94",45,0.0006185552,0.000310735819859304,0.00253885561861386,0.0002056512,5.0272305067483e-05,0.000399669795551395,0.4030864
"PIPO_allothers_94",50,0.003211754,0.00115609684131289,0.00510563814404028,0.0006280291,0.000377241691085703,0.0016341021607751,0.3178663
"PIPO_allothers_94",55,0.007790747,0.00362398715857851,0.0121863183449154,0.002782559,0.00239038944552632,0.007912231487068,0.2914089
"PIPO_allothers_94",60,0.0243401,0.00864986118216659,0.0382001400005301,0.02595024,0.011574132322472,0.0501358017530241,0.3362241
"PIPO_allothers_94",65,0.03440533,0.0173948691168326,0.142124140088901,0.1668101,0.0473223517207625,0.376217374792346,0.3287524
"PIPO_allothers_95",45,0.0006185552,0.000325867149940197,0.00242096628119514,0.0002056512,4.26243856922005e-05,0.000471380914045515,0.397164
"PIPO_allothers_95",50,0.003211754,0.00118659231276275,0.00489953516876888,0.0006280291,0.000348419530431883,0.00190598570915721,0.3205501
"PIPO_allothers_95",55,0.007790747,0.00366877156601805,0.0116778481908103,0.002782559,0.0023410615289765,0.00937564828396345,0.2932115
"PIPO_allothers_95",60,0.02256229,0.00874437184731655,0.0361062151961592,0.03764936,0.0115158101140783,0.062995807036404,0.3360586
"PIPO_allothers_95",65,0.03440533,0.0176968005409682,0.131474919772007,0.1668101,0.0465631272985354,0.514939257196559,0.3287524
"PIPO_allothers_96",45,0.0006185552,0.000290564595458246,0.00271510498693137,0.0002056512,4.79401093349039e-05,0.000419112975897813,0.397164
"PIPO_allothers_96",50,0.003211754,0.00111275734043509,0.00540354364329172,0.0006280291,0.00035145572773155,0.00162818991137605,0.3178663
"PIPO_allothers_96",55,0.007790747,0.00355134258984832,0.0129043570213203,0.002782559,0.00215891156078981,0.00754894725142844,0.289063
"PIPO_allothers_96",60,0.02669911,0.00848106274505922,0.0411839949458382,0.0178865,0.0100095875665558,0.0463714437038561,0.306063
"PIPO_allothers_96",65,0.03440533,0.0168788289605766,0.157719809642151,0.1668101,0.0388857191977633,0.339955617936723,0.3287524
"PIPO_allothers_97",45,0.0006185552,0.000315876634530144,0.0024723312965178,0.0002056512,5.0272305067483e-05,0.000399669795551395,0.3940502
"PIPO_allothers_97",50,0.003211754,0.00117379064581728,0.00502867538793663,0.0006280291,0.000377241691085703,0.0016341021607751,0.3178663
"PIPO_allothers_97",55,0.007790747,0.00368786648419963,0.0120973190294126,0.002782559,0.00239038944552632,0.007912231487068,0.2939683
"PIPO_allothers_97",60,0.0243401,0.00887177913775558,0.0380078828845822,0.02595024,0.011574132322472,0.0501358017530241,0.3338326
"PIPO_allothers_97",65,0.03528894,0.018045032014956,0.141236459175279,0.1668101,0.0473223517207625,0.376217374792346,0.3187034
"PIPO_allothers_98",45,0.0006185552,0.000310735819859304,0.00253885561861386,0.0002056512,5.0272305067483e-05,0.000399669795551395,0.397164
"PIPO_allothers_98",50,0.003211754,0.00115609684131289,0.00510563814404028,0.0006280291,0.000377241691085703,0.0016341021607751,0.3220891
"PIPO_allothers_98",55,0.007790747,0.00362398715857851,0.0121863183449154,0.002782559,0.00239038944552632,0.007912231487068,0.2902715
"PIPO_allothers_98",60,0.0243401,0.00864986118216659,0.0382001400005301,0.02595024,0.011574132322472,0.0501358017530241,0.3362521
"PIPO_allothers_98",65,0.03440533,0.0173948691168326,0.142124140088901,0.1668101,0.0473223517207625,0.376217374792346,0.3287524
"PIPO_allothers_99",45,0.0006185552,0.000310735819859304,0.00253885561861386,0.0002056512,5.0272305067483e-05,0.000399669795551395,0.397164
"PIPO_allothers_99",50,0.003211754,0.00115609684131289,0.00510563814404028,0.0006280291,0.000377241691085703,0.0016341021607751,0.3178663
"PIPO_allothers_99",55,0.007790747,0.00362398715857851,0.0121863183449154,0.002782559,0.00239038944552632,0.007912231487068,0.2938732
"PIPO_allothers_99",60,0.0243401,0.00864986118216659,0.0382001400005301,0.02595024,0.011574132322472,0.0501358017530241,0.3360741
"PIPO_allothers_99",65,0.03440533,0.0173948691168326,0.142124140088901,0.1668101,0.0473223517207625,0.376217374792346,0.3307853
"PIPO_allothers_100",45,0.0006185552,0.000308270910220266,0.00257169937235044,0.0002056512,5.0272305067483e-05,0.000399669795551395,0.3756201
"PIPO_allothers_100",50,0.003211754,0.00114761905123193,0.00514335495291348,0.0006280291,0.000377241691085703,0.0016341021607751,0.3178663
"PIPO_allothers_100",55,0.007790747,0.0035934783834516,0.0122298382120393,0.002782559,0.00239038944552632,0.007912231487068,0.2914089
"PIPO_allothers_100",60,0.0243401,0.00854455110534017,0.0382946407180131,0.02595024,0.011574132322472,0.0501358017530241,0.3338326
"PIPO_allothers_100",65,0.03398734,0.0170889567111054,0.142561811027425,0.1668101,0.0473223517207625,0.376217374792346,0.3337431
